comparison_type,left,right,cosine_similarity
global_vs_average,sdg_balanced_global,within_sdg_average,0.901266
global_vs_within_sdg,sdg_balanced_global,sdg_1,0.807164
global_vs_within_sdg,sdg_balanced_global,sdg_2,0.785457
global_vs_within_sdg,sdg_balanced_global,sdg_3,0.781737
global_vs_within_sdg,sdg_balanced_global,sdg_4,0.76907
global_vs_within_sdg,sdg_balanced_global,sdg_5,0.788348
global_vs_within_sdg,sdg_balanced_global,sdg_6,0.735222
global_vs_within_sdg,sdg_balanced_global,sdg_7,0.711728
global_vs_within_sdg,sdg_balanced_global,sdg_8,0.782797
global_vs_within_sdg,sdg_balanced_global,sdg_9,0.813378
global_vs_within_sdg,sdg_balanced_global,sdg_10,0.723679
global_vs_within_sdg,sdg_balanced_global,sdg_11,0.801276
global_vs_within_sdg,sdg_balanced_global,sdg_12,0.769483
global_vs_within_sdg,sdg_balanced_global,sdg_13,0.795955
global_vs_within_sdg,sdg_balanced_global,sdg_14,0.727387
global_vs_within_sdg,sdg_balanced_global,sdg_15,0.762287
global_vs_within_sdg,sdg_balanced_global,sdg_16,0.777321
global_vs_within_sdg,sdg_balanced_global,sdg_17,0.788951
pairwise_within_sdg,sdg_1,sdg_2,0.832228
pairwise_within_sdg,sdg_1,sdg_3,0.742569
pairwise_within_sdg,sdg_1,sdg_4,0.749661
pairwise_within_sdg,sdg_1,sdg_5,0.79793
pairwise_within_sdg,sdg_1,sdg_6,0.779686
pairwise_within_sdg,sdg_1,sdg_7,0.720045
pairwise_within_sdg,sdg_1,sdg_8,0.797319
pairwise_within_sdg,sdg_1,sdg_9,0.707764
pairwise_within_sdg,sdg_1,sdg_10,0.80113
pairwise_within_sdg,sdg_1,sdg_11,0.790134
pairwise_within_sdg,sdg_1,sdg_12,0.752026
pairwise_within_sdg,sdg_1,sdg_13,0.746988
pairwise_within_sdg,sdg_1,sdg_14,0.749359
pairwise_within_sdg,sdg_1,sdg_15,0.771648
pairwise_within_sdg,sdg_1,sdg_16,0.69529
pairwise_within_sdg,sdg_1,sdg_17,0.735036
pairwise_within_sdg,sdg_2,sdg_3,0.741734
pairwise_within_sdg,sdg_2,sdg_4,0.743393
pairwise_within_sdg,sdg_2,sdg_5,0.743889
pairwise_within_sdg,sdg_2,sdg_6,0.842107
pairwise_within_sdg,sdg_2,sdg_7,0.798142
pairwise_within_sdg,sdg_2,sdg_8,0.763179
pairwise_within_sdg,sdg_2,sdg_9,0.711167
pairwise_within_sdg,sdg_2,sdg_10,0.716027
pairwise_within_sdg,sdg_2,sdg_11,0.816331
pairwise_within_sdg,sdg_2,sdg_12,0.836592
pairwise_within_sdg,sdg_2,sdg_13,0.80237
pairwise_within_sdg,sdg_2,sdg_14,0.800945
pairwise_within_sdg,sdg_2,sdg_15,0.829365
pairwise_within_sdg,sdg_2,sdg_16,0.631853
pairwise_within_sdg,sdg_2,sdg_17,0.686973
pairwise_within_sdg,sdg_3,sdg_4,0.737973
pairwise_within_sdg,sdg_3,sdg_5,0.722499
pairwise_within_sdg,sdg_3,sdg_6,0.686844
pairwise_within_sdg,sdg_3,sdg_7,0.649456
pairwise_within_sdg,sdg_3,sdg_8,0.687034
pairwise_within_sdg,sdg_3,sdg_9,0.74205
pairwise_within_sdg,sdg_3,sdg_10,0.646865
pairwise_within_sdg,sdg_3,sdg_11,0.723571
pairwise_within_sdg,sdg_3,sdg_12,0.692912
pairwise_within_sdg,sdg_3,sdg_13,0.688622
pairwise_within_sdg,sdg_3,sdg_14,0.696843
pairwise_within_sdg,sdg_3,sdg_15,0.672582
pairwise_within_sdg,sdg_3,sdg_16,0.679852
pairwise_within_sdg,sdg_3,sdg_17,0.633991
pairwise_within_sdg,sdg_4,sdg_5,0.817109
pairwise_within_sdg,sdg_4,sdg_6,0.661673
pairwise_within_sdg,sdg_4,sdg_7,0.648971
pairwise_within_sdg,sdg_4,sdg_8,0.784498
pairwise_within_sdg,sdg_4,sdg_9,0.749502
pairwise_within_sdg,sdg_4,sdg_10,0.653693
pairwise_within_sdg,sdg_4,sdg_11,0.752495
pairwise_within_sdg,sdg_4,sdg_12,0.709825
pairwise_within_sdg,sdg_4,sdg_13,0.657067
pairwise_within_sdg,sdg_4,sdg_14,0.634229
pairwise_within_sdg,sdg_4,sdg_15,0.652423
pairwise_within_sdg,sdg_4,sdg_16,0.711906
pairwise_within_sdg,sdg_4,sdg_17,0.659765
pairwise_within_sdg,sdg_5,sdg_6,0.636332
pairwise_within_sdg,sdg_5,sdg_7,0.623316
pairwise_within_sdg,sdg_5,sdg_8,0.823915
pairwise_within_sdg,sdg_5,sdg_9,0.693792
pairwise_within_sdg,sdg_5,sdg_10,0.746102
pairwise_within_sdg,sdg_5,sdg_11,0.762452
pairwise_within_sdg,sdg_5,sdg_12,0.694394
pairwise_within_sdg,sdg_5,sdg_13,0.713226
pairwise_within_sdg,sdg_5,sdg_14,0.615141
pairwise_within_sdg,sdg_5,sdg_15,0.658702
pairwise_within_sdg,sdg_5,sdg_16,0.751551
pairwise_within_sdg,sdg_5,sdg_17,0.684094
pairwise_within_sdg,sdg_6,sdg_7,0.822593
pairwise_within_sdg,sdg_6,sdg_8,0.668544
pairwise_within_sdg,sdg_6,sdg_9,0.642144
pairwise_within_sdg,sdg_6,sdg_10,0.647063
pairwise_within_sdg,sdg_6,sdg_11,0.792342
pairwise_within_sdg,sdg_6,sdg_12,0.840664
pairwise_within_sdg,sdg_6,sdg_13,0.739367
pairwise_within_sdg,sdg_6,sdg_14,0.83325
pairwise_within_sdg,sdg_6,sdg_15,0.838132
pairwise_within_sdg,sdg_6,sdg_16,0.571482
pairwise_within_sdg,sdg_6,sdg_17,0.646895
pairwise_within_sdg,sdg_7,sdg_8,0.687792
pairwise_within_sdg,sdg_7,sdg_9,0.679988
pairwise_within_sdg,sdg_7,sdg_10,0.680283
pairwise_within_sdg,sdg_7,sdg_11,0.786961
pairwise_within_sdg,sdg_7,sdg_12,0.824737
pairwise_within_sdg,sdg_7,sdg_13,0.761421
pairwise_within_sdg,sdg_7,sdg_14,0.779932
pairwise_within_sdg,sdg_7,sdg_15,0.760366
pairwise_within_sdg,sdg_7,sdg_16,0.553382
pairwise_within_sdg,sdg_7,sdg_17,0.606123
pairwise_within_sdg,sdg_8,sdg_9,0.732365
pairwise_within_sdg,sdg_8,sdg_10,0.748031
pairwise_within_sdg,sdg_8,sdg_11,0.770984
pairwise_within_sdg,sdg_8,sdg_12,0.736862
pairwise_within_sdg,sdg_8,sdg_13,0.681692
pairwise_within_sdg,sdg_8,sdg_14,0.629178
pairwise_within_sdg,sdg_8,sdg_15,0.658465
pairwise_within_sdg,sdg_8,sdg_16,0.655358
pairwise_within_sdg,sdg_8,sdg_17,0.669812
pairwise_within_sdg,sdg_9,sdg_10,0.631657
pairwise_within_sdg,sdg_9,sdg_11,0.744142
pairwise_within_sdg,sdg_9,sdg_12,0.711592
pairwise_within_sdg,sdg_9,sdg_13,0.685922
pairwise_within_sdg,sdg_9,sdg_14,0.63753
pairwise_within_sdg,sdg_9,sdg_15,0.652381
pairwise_within_sdg,sdg_9,sdg_16,0.761233
pairwise_within_sdg,sdg_9,sdg_17,0.708318
pairwise_within_sdg,sdg_10,sdg_11,0.7156
pairwise_within_sdg,sdg_10,sdg_12,0.634087
pairwise_within_sdg,sdg_10,sdg_13,0.71141
pairwise_within_sdg,sdg_10,sdg_14,0.652642
pairwise_within_sdg,sdg_10,sdg_15,0.641633
pairwise_within_sdg,sdg_10,sdg_16,0.671552
pairwise_within_sdg,sdg_10,sdg_17,0.596079
pairwise_within_sdg,sdg_11,sdg_12,0.827308
pairwise_within_sdg,sdg_11,sdg_13,0.76753
pairwise_within_sdg,sdg_11,sdg_14,0.73959
pairwise_within_sdg,sdg_11,sdg_15,0.791035
pairwise_within_sdg,sdg_11,sdg_16,0.672281
pairwise_within_sdg,sdg_11,sdg_17,0.664334
pairwise_within_sdg,sdg_12,sdg_13,0.743765
pairwise_within_sdg,sdg_12,sdg_14,0.790068
pairwise_within_sdg,sdg_12,sdg_15,0.805052
pairwise_within_sdg,sdg_12,sdg_16,0.619912
pairwise_within_sdg,sdg_12,sdg_17,0.679801
pairwise_within_sdg,sdg_13,sdg_14,0.72538
pairwise_within_sdg,sdg_13,sdg_15,0.771116
pairwise_within_sdg,sdg_13,sdg_16,0.716681
pairwise_within_sdg,sdg_13,sdg_17,0.714609
pairwise_within_sdg,sdg_14,sdg_15,0.860975
pairwise_within_sdg,sdg_14,sdg_16,0.577187
pairwise_within_sdg,sdg_14,sdg_17,0.62899
pairwise_within_sdg,sdg_15,sdg_16,0.605922
pairwise_within_sdg,sdg_15,sdg_17,0.656413
pairwise_within_sdg,sdg_16,sdg_17,0.727407
