sdg,rank_within_sdg,policy_item_id,policy_source_doc,research_item_id,research_publication_year,raw_cosine,adjusted_cosine,delta_cosine,policy_text_snippet,research_text_snippet
1,1,sdgi_00203_2,sdgi_KHM_VNR_2019,https://openalex.org/W2905167916,2018,0.844373,0.838526,-0.005847,"In this context, it is important to consider that increased consumption fnanced by borrowing may be masquerading as poverty reduction, and that poverty and vulnerability may be more signifcant than previously thought. CAMBODIA’S VOLUNTARY NATIONAL REVIEW 2019 47 OF THE IMPLEMENTA","Realizing the Promise of Social Assistance. Although Cambodia has become one of the world's leaders in poverty reduction, two-thirds of its population remains poor or economically vulnerable, with a large number of households moving in and out of poverty. Cambodian households are"
1,2,sdgi_00239_0,sdgi_MYS_VNR_2017,https://openalex.org/W4403578141,2024,0.82663,0.824826,-0.001804,"13 Goal 1: End poverty in all its forms everywhere Malaysia has successfully reduced absolute poverty, based on the national poverty line, from 49.3 per cent in 1970 to 0.6 per cent in 2014 – a remarkable achievement made in just four decades. The national poverty line is estimat","Unraveling the nexus: Exploring Malaysia's research trends in advancing UN SDG 1. This study examines Malaysia's poverty rate with respect to SDG poverty reduction targets, the specific policies and programmes implemented to address poverty within the SDGs' framework, and the cha"
1,3,sdgi_03115_0,sdgi_MWI_VNR_2022,https://openalex.org/W2801534662,2018,0.824148,0.820339,-0.003809,Malawi 2022 Voluntary National Review (VNR) Report 47 REDUCE INEQUALITY WITHIN AND AMONG COUNTRIES Overview Malawi is particularly focusing on reducing inequality among different groups. MW2063 embodies the aspiration of inclusive wealth creation and self-reliance that seeks to e,"Closing the Divide in Malawi: How to reduce inequality and increase prosperity for all. Inequality between the richest and the rest in Malawi continues to rise, with poverty remaining extreme and endemic. Climate change is compounding the challenges, with recent droughts and floo"
1,4,sdgi_00500_2,sdgi_IDN_VNR_2017,https://openalex.org/W4283650359,2022,0.815317,0.816231,0.000915,"The Prevalence of Stunting in Children under Five and Two Years of Age, 2007-2016 Note: * 2016: Results of Sirkesnas Interim Analysis Source: Basic Health Research Indonesia (Riset Kesehatan Dasar/Riskesdas) 2007, 2010, and 2013, National Health Indicator Survey (Survei Indikator","Analysis of Determinan of Stunting Prevalence among Stunted Toddlers in Indonesia. Stunting is regarded as one of the nutritional problems in Indonesia. The prevalence of stunted toddlers in Indonesia showed a decline from 37.2 percent in 2013 to 30.8 percent in 2018. However, th"
1,5,sdgi_00107_0,sdgi_BTN_VNR_2021,https://openalex.org/W4241190529,2019,0.810258,0.806749,-0.003509,"25 4.1 SDG 1: End poverty in all its forms everywhere Bhutan’s progress in alleviating poverty conditions over the decades of its planned development has been remarkable. Income poverty at the national level was reduced from 23.2 percent in 2007 to 8.2 percent in 2017, while rura","Poverty, Vulnerability, and Welfare in Bhutan. Agriculture-Agricultural Sector Economics Poverty Reduction-Employment and Shared Growth Poverty Reduction-Inequality Poverty Reduction-Poverty Assessment Poverty Reduction-Poverty Monitoring & Analysis"
2,1,sdgi_00487_28,sdgi_GBR_VNR_2019,https://openalex.org/W4381987939,2023,0.806597,0.802103,-0.004493,"Measuring and addressing household food insecurity The Food Standards Agency’s 2018 Food and You Survey of England, Wales and Northern Ireland found that: • 80% of respondents lived in households with high food security; • 10% in households classifed as marginally food secure; an","Food insecurity - what can local government do?. Key points• Good food is a fundamental building block of health.Everyone should be able to access and afford enough nutritious food to lead a healthy life.However, more than 1 in 6 households in the UK reported that they had experi"
2,2,India_National_AI_Strategy_NITI_2018_0047,India_National_AI_Strategy_NITI_2018,https://openalex.org/W3187013584,2019,0.798884,0.799286,0.000402,Discussion Paper National Strategy for Artificial Intelligence AI will have significant global impact on agricultural productivity at all levels of the value chain. An estimate by Markets and Markets Research valued AI in agriculture to be USD432 million in 2016 and expects it to,Taking Stock of Artificial Intelligence in Indian Agriculture. The paper examines current initiatives in AI in Indian agriculture--both private and state-led-- and attempt to assess their potential for furthering development. We begin with a brief overview of the state of agricul
2,3,India_National_AI_Strategy_NITI_2018_0051,India_National_AI_Strategy_NITI_2018,https://openalex.org/W7118173493,2025,0.796952,0.797271,0.000318,"Discussion Paper National Strategy for Artificial Intelligence insights into soil health, recommended fertilizer, and seven-day weather forecasts. In 2017, the program was expanded to touch more than 3,000 farmers across the states of Andhra Pradesh and Karnataka during the Khari","A Study on Artificial Intelligence in Sustainable Development in Rural Agriculture. Abstract Artificial Intelligence plays a key role in this by optimizing resource utilization and improving crop management. Through advanced data analytics and machine learning, AI can analyze soi"
2,4,MinistryOfFinanceFinland_2019_National_Strategy_for_Artificial_Intelligence_0088,MinistryOfFinanceFinland_2019_National_Strategy_for_Artificial_Intelligence,https://openalex.org/W4401431333,2024,0.793207,0.796822,0.003615,"exploitation of manure and pesticides. Finally, agricultural land is increasingly overloaded and it is being degraded by heavy machinery. In agriculture, artificial intelligence enables farmers to spray exactly where weeds are growing and fertilise exactly where the yield can be ",Study Based Artificial Intelligence (A.I.) Agriculture: A Review. The world is dynamic in nature as Agriculture remains the backbone of human existence. Human being surely depends on agriculture for existence and the way agriculture is carried out keep on changing from traditiona
2,5,sdgi_00487_4,sdgi_GBR_VNR_2019,https://openalex.org/W4381987939,2023,0.784373,0.779304,-0.005069,The UK government is fully committed to supporting vulnerable people and the approach to tackling poverty in all its forms is set out in Goal 1. Challenges also remain in measuring and addressing every aspect of household food security (discussed further at the end of the chapter,"Food insecurity - what can local government do?. Key points• Good food is a fundamental building block of health.Everyone should be able to access and afford enough nutritious food to lead a healthy life.However, more than 1 in 6 households in the UK reported that they had experi"
3,1,WHO_2023_Regulatory_Considerations_on_Artificial_Intelligence_for_Health_0077,WHO_2023_Regulatory_Considerations_on_Artificial_Intelligence_for_Health,https://openalex.org/W3137650920,2021,0.845087,0.84343,-0.001658,"Regulatory considerations on artificial intelligence for health 5.5 Privacy and data protection The WHO Global Strategy on Digital Health 2020-2025 classifies health data as sensitive personal data, or personally identifiable information, that requires a high standard of safety a","Problematic Interactions between AI and Health Privacy. The interaction of artificial intelligence (AI) and health privacy is a two-way street. Both directions are problematic. This Essay makes two main points. First, the advent of artificial intelligence weakens the legal protec"
3,2,WHO_2021_Ethics_and_Governance_of_Artificial_Intelligence_for_Health_0099,WHO_2021_Ethics_and_Governance_of_Artificial_Intelligence_for_Health,https://openalex.org/W3137650920,2021,0.799706,0.796847,-0.002859,"ETHICS AND GOVERNANCE OF ARTIFICIAL INTELLIGENCE FOR HEALTH 6. ETHICAL CHALLENGES TO USE OF ARTIFICIAL INTELLIGENCE FOR HEALTH CARE Some companies have already collected large quantities of health data through their products and services, to which users voluntarily supply health ","Problematic Interactions between AI and Health Privacy. The interaction of artificial intelligence (AI) and health privacy is a two-way street. Both directions are problematic. This Essay makes two main points. First, the advent of artificial intelligence weakens the legal protec"
3,3,WHO_2021_Ethics_and_Governance_of_Artificial_Intelligence_for_Health_0038,WHO_2021_Ethics_and_Governance_of_Artificial_Intelligence_for_Health,https://openalex.org/W3083327046,2020,0.798404,0.796079,-0.002325,"ETHICS AND GOVERNANCE OF ARTIFICIAL INTELLIGENCE FOR HEALTH 3. APPLICATIONS OF ARTIFICIAL INTELLIGENCE FOR HEALTH Health-care workers will have to adapt their clinical practice significantly as use of AI increases. AI could automate tasks, giving doctors time to listen to patient","Demystifying Artificial Intelligence in Medicine. The Artificial Intelligence (AI) revolution is disrupting a variety of industries - from manufacturing to agriculture, intellectual property, or retail. Healthcare, a complex industry with countless areas for improvement, will be "
3,4,WHO_2021_Ethics_and_Governance_of_Artificial_Intelligence_for_Health_0202,WHO_2021_Ethics_and_Governance_of_Artificial_Intelligence_for_Health,https://openalex.org/W3137650920,2021,0.790001,0.786983,-0.003018,"ETHICS AND GOVERNANCE OF ARTIFICIAL INTELLIGENCE FOR HEALTH 9. ELEMENTS OF A FRAMEWORK FOR GOVERNANCE OF ARTIFICIAL INTELLIGENCE FOR HEALTH advance scientific progress and the development of AI for health care and medicine (93, 295). Public or private ""owners"" of health big data ","Problematic Interactions between AI and Health Privacy. The interaction of artificial intelligence (AI) and health privacy is a two-way street. Both directions are problematic. This Essay makes two main points. First, the advent of artificial intelligence weakens the legal protec"
3,5,WHO_2021_Ethics_and_Governance_of_Artificial_Intelligence_for_Health_0105,WHO_2021_Ethics_and_Governance_of_Artificial_Intelligence_for_Health,https://openalex.org/W2998411999,2020,0.776595,0.773562,-0.003033,ETHICS AND GOVERNANCE OF ARTIFICIAL INTELLIGENCE FOR HEALTH 6. ETHICAL CHALLENGES TO USE OF ARTIFICIAL INTELLIGENCE FOR HEALTH CARE care. Clinicians and health-care workers have numerous cognitive biases and commit diagnostic errors. The US National Academy of Sciences found that,"AI in health care: Improving outcomes or threatening equity?. Scientists warn that the unexamined use of artificial intelligence (AI) in health care could result in worse health outcomes for marginalized people. Recently, a panel of experts gathered at Women's College Hospital in"
4,1,sdgi_01125_2,sdgi_CAN_VNR_2018,https://openalex.org/W7132959136,2023,0.827598,0.82882,0.001221,"2. Elementary to secondary school systems: All children in our elementary to secondary school systems deserve teaching and learning opportunities that are inclusive and that provide them with world-class skills in literacy, numeracy and science. 3. Post-secondary education: Canad","Indigenous Teacher Education Programs: Supporting Indigenous Sovereignty through Indigenous Education. Since the early 1970's, the Indigenous peoples of Canada have partnered with post-secondary institutions to develop and deliver Indigenous Teacher Education Programs [ITEP], spe"
4,2,sdgi_01198_12,sdgi_IDN_VNR_2021,https://openalex.org/W7130404872,2025,0.823082,0.823334,0.000252,"There is a need to address out-ofschool children issue by accommodating and paying adequate attention to specifc needs and various issues faced by children, such as children with special needs, street children and neglected children, children in confict with the law, children in ","Roles and Challenges of Educators in Inclusive Education and Speciality Schools in Indonesia. This article discusses the roles, types, competencies and challenges faced by educators in the context of inclusive education and speciality schools in Indonesia. Based on a review of na"
4,3,sdgi_01087_16,sdgi_AGO_VNR_2021,https://openalex.org/W4214816157,2022,0.810191,0.807529,-0.002662,"School dropout, exacerbated by the prolonged closure of schools and the fear caused by the COVID-19 pandemic has exacerbated these trends. The high number of children who are out of school even before the pandemic requires targeted and effective short-term approaches. According t",Covid-19's Impact in the Angolan Higher Education Subsystem. Pandemic caused by Covid-19 revealed the weaknesses of many governments management. The classes shutdown showed the Angolan government the importance of distance learning for a society development. This work aimed to ch
4,4,African_Union_Continental_AI_Strategy_2024_0062,African_Union_Continental_AI_Strategy_2024,https://openalex.org/W7108707533,2025,0.790098,0.787707,-0.002391,"AI is being integrated into Tutoring Systems (ITS), which tailor and present learning content and personalised learning pathways based on data-informed analytics and learning processes. There is also a potential to use AI for assisting students with disabilities, but the design a","""Artificial Intelligence In Education: Moving Beyond Traditional Methods"". Artificial Intelligence (AI) has become one of the most discussed and applied technologies in modern education. It is slowly changing the way teachers teach and the way learners learn. Traditional methods "
4,5,SteeringGroupOfTheArtificialIntelligenceProgramme_2017_Finlands_Age_of_Artificial_Intelligence_0105,SteeringGroupOfTheArtificialIntelligenceProgramme_2017_Finlands_Age_of_Artificial_Intelligence,https://openalex.org/W4400216644,2024,0.783403,0.782866,-0.000537,"PUBLICATIONS OF THE MINISTRY OF ECONOMIC AFFAIRS AND EMPLOYMENT 47/2017 Appendix 3: Current state of artificial intelligence education According to a survey on the status and scope of artificial intelligence education creat- ed for Finnish universities, universities of applied sc",Redefining the Skills Required on the Labour Market in the Context of the Development of Artificial Intelligence Systems. Case Study on Finnish Universities. The rise of AI technology across different sectors has drastically influenced jobs and employment overall. This paper's go
5,1,sdgi_01437_0,sdgi_AZE_VNR_2017,https://openalex.org/W4289079656,2022,0.853961,0.849271,-0.00469,"GOAL 5. Achieve gender equality and empower all women and girls The gender problem and ensuring gender equality are among the current problems in Azerbaijan, as in many countries around the world. Achieving gender equality and empowering women and girls are the keys to sustainabl","GENDER EQUALITY IN THE EDUCATION SYSTEM OF AZERBAIJAN REPUBLIC. Republic of Azerbaijan is developing rapidly in all areas in the 21st century notable progress such as protection of human rights, especially gender equality, ensuring and protecting children's rights etc. Education,"
5,2,sdgi_01437_2,sdgi_AZE_VNR_2017,https://openalex.org/W4289079656,2022,0.831811,0.826315,-0.005496,"As a result of measures taken so far, gender equality has been achieved in the field of secondary and higher education (the ratio of educated women aged 15-24 to men of the same age is 100%). Maintenance of this equality during the rapid social and economic development in the cou","GENDER EQUALITY IN THE EDUCATION SYSTEM OF AZERBAIJAN REPUBLIC. Republic of Azerbaijan is developing rapidly in all areas in the 21st century notable progress such as protection of human rights, especially gender equality, ensuring and protecting children's rights etc. Education,"
5,3,sdgi_00895_6,sdgi_MLT_VNR_2018,https://openalex.org/W4281253482,2022,0.831528,0.831896,0.000368,It involves sex education to people with intellectual disabilities as well as support to their parents/guardians in order to address such a sensitive topic and ensure a holistic approach towards a fulfilled life. A common misconception is that people with an intellectual disabili,Relevance of sex education for young people with intellectual disability. Of the various socially relevant crises of the world one that ought to be brought to limelight is the encumbrances faced by people who are intellectually disabled.People with intellectual disability are one
5,4,sdgi_01689_10,sdgi_ZAF_VNR_2019,https://openalex.org/W4388328510,2023,0.812967,0.810367,-0.002599,56 In addition the Department of Women since 2017 has been embarking on a series of national dialogues throughout the length and breadth of the country raising awareness and involving community participation in addressing the issue of GBV. This process has also included men and b,"Enforcement of Gender-Based Violence Legislation in South Africa: The Need for a Paradigm Shift. Gender-based violence (GBV) is particularly rife in countries facing socioeconomic challenges such as inequality, and violence perpetuated by discriminatory and prejudiced structures."
5,5,sdgi_01545_0,sdgi_IND_VNR_2020,https://openalex.org/W4399093228,2024,0.810767,0.807234,-0.003533,"The principles of gender equality and justice are embedded in the Constitution of India. Since its initial days as an independent nation state, India has taken bold steps to further gender equality. For instance, India adopted universal and equal sufrage in 1947, well before many",Mapping Gender Gap in Achieving the Sustainable Development Goals in India. This paper intends to analyse the efforts made by India to achieve the Sustainable Development Goals (SDGs). It prepares a thorough analysis of the gender challenges in each of the Goals. The interconnect
6,1,sdgi_01867_7,sdgi_GRC_VNR_2022,https://openalex.org/W4404013633,2024,0.760716,0.757222,-0.003495,"The main goal is to achieve full compliance with the requirements of the EU Directive 91/271/EEC to maximize the protection of surface and groundwater and the environment in general. SDGs 6.2, 6.3 • With regard to water savings, Greece, as a vulnerable country to the effects of c","European approaches to wastewater reuse regulation: A comparison between Spain, Malta and the Netherlands. Abstract Wastewater reuse is encouraged and facilitated by legislation and policy across the EU. A recent example is the EU Regulation 2020/741 on minimum requirements for w"
6,2,sdgi_01854_2,sdgi_EU_VNR_2023,https://openalex.org/W4404013633,2024,0.750983,0.746918,-0.004065,"Water stress is now on the rise in western and northern Europe as a direct consequence of climate change. Key initiatives The EU has a wide range of legislation, strategies, policies, initiatives and tools in place to contribute to the implementation of SDG 6. The Water Framework","European approaches to wastewater reuse regulation: A comparison between Spain, Malta and the Netherlands. Abstract Wastewater reuse is encouraged and facilitated by legislation and policy across the EU. A recent example is the EU Regulation 2020/741 on minimum requirements for w"
6,3,sdgi_01822_1,sdgi_CYP_VNR_2017,https://openalex.org/W4412572405,2025,0.747919,0.744944,-0.002975,"Like other Mediterranean countries, Cyprus has a semi-arid climate and limited water resources which depend mainly on rainfall. However, rainfall is unevenly distributed with considerable regional variations, water resources are scarce and expensive to exploit and droughts occur ","Traditional Water Harvesting Systems In Climate Change Adaptation: Insights From A Semi-Arid Mediterranean Village. Network (2019) confirms this trend and predicts an escalation of temperature rise in the region, more intense and frequent heat waves and variably reduced precipita"
6,4,sdgi_01720_2,sdgi_ESP_VLR_barcelona_2020,https://openalex.org/W4226262814,2022,0.747038,0.740079,-0.006959,"6.2. Achieve access to adequate and equitable sanitation and hygiene services for all, and end open defecation, with special attention to the needs of women and girls, as well as people in vulnerable situations. 6.3. Improve water quality by reducing pollution, eliminating dumpin",Implementation of Water and Technology. Get admission to a enough quantity of excessive satisfactory water is vital for improving fitness and economic livelihood of human beings living in developing international locations. The purpose of this paper is to discover a number of the
6,5,sdgi_01775_1,sdgi_AUS_VNR_2018,https://openalex.org/W4390545452,2024,0.732356,0.732614,0.000258,"Australia has developed a unique set of water governance arrangements that draws on the jurisdictional responsibilities of all levels of government to work towards common goals and seeks to balance economic, social and environmental interests. High demand, combined with uncertain","Climate adaptive water policy in Australia's Murray Darling basin: soft options or hard commitments?. Adapting to climate change is a pressing societal imperative. Here, we examine water governance arrangements in Australia's Murray-Darling basin, evaluating their attributes and "
7,1,sdgi_03800_10,sdgi_NLD_VLR_amsterdam_2022,https://openalex.org/W3214918786,2020,0.801714,0.793763,-0.00795,"This becomes more urgent every year.’279 However, the estimate looks better than in previous years, as reduction of emissions in 2019 was higher than expected. Looking at these fgures from the perspective of the Amsterdam City Doughnut, the development is positive, but still the ","Electrification in the Eastern Harbour Area. In a bid to battle global warming the Dutch government has set ambitious targets to cut CO2 emissions in the Dutch Climate Agreement [1]. Aside from this state-driven initiative in line with the Paris agreement, several Dutch cities ha"
7,2,sdgi_03800_13,sdgi_NLD_VLR_amsterdam_2022,https://openalex.org/W3214918786,2020,0.791056,0.784449,-0.006607,"While Amsterdam clearly lags behind the national average with regard to this indicator (3.7% of houses have solar panels on the roof, compared to 15.7% nationally291), the lower percentage can at least partly be explained by the fact that Amsterdam has many apartments without its","Electrification in the Eastern Harbour Area. In a bid to battle global warming the Dutch government has set ambitious targets to cut CO2 emissions in the Dutch Climate Agreement [1]. Aside from this state-driven initiative in line with the Paris agreement, several Dutch cities ha"
7,3,sdgi_03800_19,sdgi_NLD_VLR_amsterdam_2022,https://openalex.org/W3214918786,2020,0.786501,0.777969,-0.008532,"284Nieuw Amsterdams Klimaat 2021, p. 34. Number of shared cars comes from Kennisplatform CROW (March 2020). 285 The new norm BENG (Almost Energy Neutral Building) has three legal requirements: 1) energy need for heating and cooling has a maximum of 25kWh/m2/year, 2) primary fossi","Electrification in the Eastern Harbour Area. In a bid to battle global warming the Dutch government has set ambitious targets to cut CO2 emissions in the Dutch Climate Agreement [1]. Aside from this state-driven initiative in line with the Paris agreement, several Dutch cities ha"
7,4,sdgi_05685_8,sdgi_FIN_VLR_vantaa_2023,https://openalex.org/W4399556801,2024,0.782306,0.778945,-0.00336,"However, there was no shortage of electricity in Finland during the winter of 2022–2023, partly due to the mild weather. Nevertheless, we cannot predict future developments, and it is still important to be prepared for occasional power shortages. The City of Vantaa and the compan","The risks of electrified district heating in Finland's cold climate. Decarbonizing fossil fuel-dependent district heating systems is essential for achieving carbon neutrality, particularly in cold climates. In Finland, district heating operators are concentrating on electrifying "
7,5,sdgi_03800_14,sdgi_NLD_VLR_amsterdam_2022,https://openalex.org/W3214918786,2020,0.773021,0.763826,-0.009194,"38. Permits for these turbines must be granted before 2025. An extra 11 megawatts has been achieved by replacing smaller wind turbines with larger ones. Amsterdam is striving to achieve 550 MW of solar energy and 127 MW of wind energy by 2030.293 In 2019, Amsterdam’s main coal-fr","Electrification in the Eastern Harbour Area. In a bid to battle global warming the Dutch government has set ambitious targets to cut CO2 emissions in the Dutch Climate Agreement [1]. Aside from this state-driven initiative in line with the Paris agreement, several Dutch cities ha"
8,1,sdgi_02615_8,sdgi_THA_VNR_2021,https://openalex.org/W4410161545,2021,0.849372,0.845953,-0.003419,"From 2017- 2019, this resulted in an increase of 217,130 new SMEs, with 861,148 entrepreneurs receiving training. Challenges and Way Forward (1) Thailand has become a complete aging society since 2021. The year 2018 was the first year in which the number of elderly persons exceed","Towards Social Protection 4.0: An Assessment of Thailand's Social Protection and Labor Market Systems. This paper reviews Thailand's social protection (SP) and labor market systems, to assess how they can be strengthened to address the key trends that will shape its society and e"
8,2,SteeringGroupOfTheArtificialIntelligenceProgramme_2017_Finlands_Age_of_Artificial_Intelligence_0153,SteeringGroupOfTheArtificialIntelligenceProgramme_2017_Finlands_Age_of_Artificial_Intelligence,https://openalex.org/W4393945111,2024,0.820768,0.820149,-0.000619,"PUBLICATIONS OF THE MINISTRY OF ECONOMIC AFFAIRS AND EMPLOYMENT 21/2018 WORK IN THE AGE OF ARTIFICIAL INTELLIGENCE: FOUR PERSPECTIVES ON THE ECONOMY, EMPLOYMENT, SKILLS AND ETHICS At the same time, mechanisms that increase demand for labour are at work in the economy. Due to the ",Comprehensive View on the Effect of Artificial Intelligence and Employment. The effects of technological innovation and automation in general on employment and economic growth have long been the subject of economic research.Conventional economic models balance a positive compleme
8,3,UN_AI_Advisory_Body_Final_Report_2024_0046,UN_AI_Advisory_Body_Final_Report_2024,https://openalex.org/W4409363349,2025,0.795323,0.79551,0.000186,"Box 2: Economic opportunities of AI (continued) Nevertheless, while AI can enhance productivity, boost international trade and increase income, it is also expected to impact work. Research suggests that AI could be assistive to workers in some cases, and job displacement in other","Is AI Coming for Our Jobs? Rethinking the Future of Work and Inclusion. The evolving landscape of work in the age of digital technology, particularly artificial intelligence (AI), has sparked widespread debate about the future of employment. Concerns about potential human labour "
8,4,SteeringGroupOfTheArtificialIntelligenceProgramme_2017_Finlands_Age_of_Artificial_Intelligence_0135,SteeringGroupOfTheArtificialIntelligenceProgramme_2017_Finlands_Age_of_Artificial_Intelligence,https://openalex.org/W3116987432,2020,0.794361,0.794418,5.8e-05,"The second one focuses on qualitative changes in working life: what types of changes will take place within tasks and modes of work, including employment relationship models or the times, places and organisation of work, and whether the entire set of concepts relevant to work and","Artificial Intelligence, Automation, and Changing Forms of Work. This paper critically evaluates the impact of Artificial Intelligence-based automation on the nature of work. Contrary to the conventional belief that automation replaces human-labour, or that it makes the human-lab"
8,5,SteeringGroupOfTheArtificialIntelligenceProgramme_2017_Finlands_Age_of_Artificial_Intelligence_0125,SteeringGroupOfTheArtificialIntelligenceProgramme_2017_Finlands_Age_of_Artificial_Intelligence,https://openalex.org/W4393945111,2024,0.783788,0.784085,0.000298,"PUBLICATIONS OF THE MINISTRY OF ECONOMIC AFFAIRS AND EMPLOYMENT 21/2018 WORK IN THE AGE OF ARTIFICIAL INTELLIGENCE: FOUR PERSPECTIVES ON THE ECONOMY, EMPLOYMENT, SKILLS AND ETHICS While the rate at which jobs will disappear appears fast, it is considerably lower than rates Finlan",Comprehensive View on the Effect of Artificial Intelligence and Employment. The effects of technological innovation and automation in general on employment and economic growth have long been the subject of economic research.Conventional economic models balance a positive compleme
9,1,StateCouncilOfChina_2017_New_Generation_of_Artificial_Intelligence_Development_Plan_0002,StateCouncilOfChina_2017_New_Generation_of_Artificial_Intelligence_Development_Plan,https://openalex.org/W4321512680,2022,0.820142,0.817978,-0.002165,"The Foundation for Law and International Affairs Artificial intelligence has become the new focus of international competition. Artificial intelligence is thought to be the strategic technology leading the future, the world's major developed countries regard the development of ar","Competition of Artificial Intelligence in Big Countries: the Mystery of Power and Security. Artificial intelligence is an important core technology leading a new round of scientific and technological revolution, which will inevitably bring profound changes to military operations,"
9,2,GovernmentOfNetherlands_2019_Strategic_Action_Plan_for_Artificial_Intelligence_0097,GovernmentOfNetherlands_2019_Strategic_Action_Plan_for_Artificial_Intelligence,https://openalex.org/W4401252793,2023,0.81159,0.810612,-0.000978,"On the other hand, questions arise about IP protection for creations of AI. AI is able to generate creative works and inventions. If a creative work or an invention has been realised by or with the help of AI, how does that affect the ability to obtain copyrights or patent protec",Intellectual Property in the Era of Artificial Intelligence: Challenges and Solutions. This article explores the challenges and solutions in the realm of intellectual property (IP) within the field of artificial intelligence (AI). It analyzes the issues surrounding IP rights in A
9,3,Germany_AI_Strategy_2020_Update_0046,Germany_AI_Strategy_2020_Update,https://openalex.org/W4405087339,2024,0.809539,0.80747,-0.002069,"In particular, the Federal Government believes it makes sense in the interest of principle-based regulation to draft central principles for trustworthy AI which are harmonised across the EU. In addition to this, the Federal Government is actively supporting the processes and init","The next generation of AI tools are coming, do we need to better regulate them?. This research investigates the importance for robust regulation and legislation to properly govern the development of 'Frontier Artificial Intelligence Systems'. To do this a comparison of approaches"
9,4,GPAI_2023_Responsible_AI_Working_Group_Report_0026,GPAI_2023_Responsible_AI_Working_Group_Report,https://openalex.org/W4400998862,2021,0.808434,0.807958,-0.000476,"● Outcomes: international collaboration can be harnessed to accelerate due diligence in AI procurement solutions, it could also be an opportunity to identify possible risks as AI technology diffuses and scales. RESPONSIBLEAI:WORKINGGROUPREPORT2023 16 ➔ Literature Review. A resear","The path to AI in procurement. What is artificial intelligence (AI) in procurement and how do we get there? This paper provides definitions for the various stages of the development of AI in procurement, and a practical guide on how to achieve the meaningful application of AI in "
9,5,MinistryOfEconomicAffairsAndEmploymentFinland_2019_Leading_the_Way_into_the_Age_of_Artificial_Intelligence_0014,MinistryOfEconomicAffairsAndEmploymentFinland_2019_Leading_the_Way_into_the_Age_of_Artificial_Intelligence,https://openalex.org/W3003489189,2019,0.805988,0.802721,-0.003267,PUBLICATIONS OF THE MINISTRY OF ECONOMIC AFFAIRS AND EMPLOYMENT 2019:41 LEADING THE WAY INTO THE ERA OF ARTIFICIAL INTELLIGENCE FINAL REPORT OF FINLAND'S ARTIFICIAL INTELLIGENCE PROGRAMME 2019 1 Artificial intelligence is advancing at full speed Finland launched its Artificial In,"General perception of Artificial Intelligence and impacts on the financial sector in Finland. With the expansion of the Internet, digitization and big data, the Artificial intelligence (AI) has quickly become a topic of discussion and attention for the business community, directl"
10,1,TheFoundationForLawAndInternationalAffairs_2017_In_Their_Own_Words_A_Next_Generation_Artificial_Intelligence_Development_Plan_0060,TheFoundationForLawAndInternationalAffairs_2017_In_Their_Own_Words_A_Next_Generation_Artificial_Intelligence_Development_Plan,https://openalex.org/W4229057428,2022,0.852122,0.851241,-0.000881,"第三步,到2030年人工智能理论、技术与应用总体达到世界领先水平,成为世界主要人工智能创新 中心,智能经济、智能社会取得明显成效,为跻身创新型国家前列和经济强国奠定重要基础。 --形成较为成熟的新一代人工智能理论与技术体系。在类脑智能、自主智能、混合智能和群体智 能等领域取得重大突破,在国际人工智能研究领域具有重要影响,占据人工智能科技制高点。 --人工智能产业竞争力达到国际领先水平。人工智能在生产生活、社会治理、国防建设各方面应 用的广度深度极大拓展,形成涵盖核心技术、关键系统、支撑平台和智能应用的完备产业链和高端产业 群,人工智能核心产业规模超过1万","2022智慧城市展專題報導-醫療與科技產業的對話. &lt;p&gt;智慧醫院為現今醫界共同發展的首要任務,本會自2021年底至2022年初執行市場調查,結果反映出醫界首長、資訊長與科技產業代表有接近半數表示對於智慧醫療的發展方向感到徬徨,而目前智慧醫院的發展現況,各層級醫院呈現一致的趨勢,區域與地區醫院導入的系統多為基礎應用與流程自動化,醫學中心則較多先進技術的應用如人工智慧、機器人,5G等。醫界對發展AI呈現高度興趣,然目前成功案例卻不多,邁向智慧醫院之路上,仍面臨許多內外部困難及挑戰,最大的動力來自內部的需求,而非政策或評鑑規定,而最大的困難包括缺"
10,2,UN_SDG_Progress_Report_2022_0126,UN_SDG_Progress_Report_2022,https://openalex.org/W4324292610,2022,0.774087,0.772947,-0.00114,"inequality rose by 1.2 per cent between 2017 and 2021, the first -2.6 -2 -3.2 such increase in a generation. Before the pandemic, inequality was -3.8 -4 -5.7 expected to have fallen by 2.6 per cent over the same period. -6 Forecasts suggest that income inequality within countries","Global Inequality in the Current Era. One of the most vehement criticisms to the current global era refers to the issue of huge income disparities within and between countries. At present, global inequality is higher than it was 200 years ago but, at the same time, up to COVID 19"
10,3,UN_2022_The_Sustainable_Development_Goals_Report_2022_0126,UN_2022_The_Sustainable_Development_Goals_Report_2022,https://openalex.org/W4324292610,2022,0.774087,0.772947,-0.00114,"inequality rose by 1.2 per cent between 2017 and 2021, the first -2.6 -2 -3.2 such increase in a generation. Before the pandemic, inequality was -3.8 -4 -5.7 expected to have fallen by 2.6 per cent over the same period. -6 Forecasts suggest that income inequality within countries","Global Inequality in the Current Era. One of the most vehement criticisms to the current global era refers to the issue of huge income disparities within and between countries. At present, global inequality is higher than it was 200 years ago but, at the same time, up to COVID 19"
10,4,UN_SDG_Progress_Report_2023_0112,UN_SDG_Progress_Report_2023,https://openalex.org/W4324292610,2022,0.763856,0.762695,-0.001161,"reduction of 1.8 per cent between 1991 and 2014. And although there had -2 been increases in global between-country inequality in only 5 of the 29 years before the pandemic, the onslaught of COVID-19 has caused the largest -4 increase in between-country inequality in three decade","Global Inequality in the Current Era. One of the most vehement criticisms to the current global era refers to the issue of huge income disparities within and between countries. At present, global inequality is higher than it was 200 years ago but, at the same time, up to COVID 19"
10,5,sdgi_03055_5,sdgi_EU_VNR_2023,https://openalex.org/W4405710560,2024,0.759189,0.757439,-0.00175,"The Commission has also stepped up its efforts to help EU countries reduce inequalities from the outset, by publishing a Communication on ‘Better assessing the distributional impact of Member States’ policies’ and a Communication on ‘Harnessing Talent in EU’s regions’, addressing","The Effectiveness of European Union Regional Policies - A Longitudinal Review. To improve the economic well-being of regions to avoid regional disparities in the EU, the EU sets the Cohesion Policy to boost regions that are lacking behind. The aim of this paper is to make an over"
11,1,sdgi_03365_0,sdgi_KAZ_VNR_2019,https://openalex.org/W7117481320,2025,0.791786,0.791473,-0.000313,"84 Goal 11 MAKE CITIES AND HUMAN SETTLEMENTS INCLUSIVE, SAFE, RESILIENT AND SUSTAINABLE 84 VOLUNTARY NATIONAL REVIEW OF THE REPUBLIC OF KAZAKHSTAN 85 GOAL 11 Kazakhstan is making significant efforts to meet the challenges presented by regional and infrastructural development, and",Philosophy of Urbanization and Socio-Cultural Dynamics Issues of a High-Tech Capital. The research aims to identify the impact of urbanization and technological change on the socio-cultural structure of the city. The applied methodology was based on two data sources: 1) interview
11,2,sdgi_03220_23,sdgi_DEU_VLR_stuttgart_2021,https://openalex.org/W4385800574,2023,0.774076,0.768918,-0.005159,"Moreover, the social and cultural dimension of the sustainability goals, i.e. the “Reduction of poverty” (SDG 1), “Public health” (SDG ), “Education” (SDG ), “Gender equality (SDG ), “Civic participation” (SDG 1) and “Global partnerships” (SDG 1) are particularly relevant with re","Introduction to A Research Agenda for Sustainable Cities and Communities. As we stand part way through the period for achieving the Sustainable Development Goals (SDGs), this book takes stock of how the global research community has contributed to the delivery of SDG11. It also l"
11,3,UN_SDG_Progress_Report_2020_0126,UN_SDG_Progress_Report_2020,https://openalex.org/W3210733493,2021,0.767172,0.76195,-0.005222,"additional safety measures to mitigate the elevated risk of coronavirus World 47 transmission in crowded public transport. Global data illustrate the 0 20 40 60 80 100 need to enhance access to public transport systems that are well Access to high-capacity systems within 1,000 me","A brief study of public transportation and sustainable cities management during COVID-19 pandemic. This paper aims to analyse the measures adopted in Brazilian State Capitals and the Federal District, since the beginning of the pandemic, to ensure safety conditions in public tran"
11,4,sdgi_02361_0,sdgi_GRC_VLR_skiathos_2020,https://openalex.org/W4283833863,2022,0.763624,0.768958,0.005334,"page / 33 5.1.1 / Skiathos collaborates with UNWTO on tourism recovery post-covid 19 After the dramatic reduction of tourist arrivals due to the COVID-19 pandemic, tourism destinations such as Skiathos will be willing to start welcoming visitors again as soon as the situation imp","Lessons from COVID-19 for the future: destination crisis management, tourist behaviour and tourism industry trends. Purpose This research aims at arriving at a broad scope of the lessons learnt after two years of the coronavirus disease 2019 (COVID-19) pandemic outbreak by analys"
11,5,sdgi_03449_6,sdgi_VNM_VNR_2023,https://openalex.org/W4409761230,2025,0.760071,0.766904,0.006833,"Target 11.2:By 2030, ensure access to safe, afordable, accessible, and sustainable transport systems for all, improving road safe, notably by expanding, public transport, with special attention the needs of women, children, persons with disabilities and older persons (Global targ","A Review on Disability-Inclusive Public Transportation: Current Barriers and Prospects. People with disabilities face significant barriers in using public transport, limiting their access to healthcare, employment, education, and daily life activities. A comprehensive review of e"
12,1,EuropeanCommission_2019_The_European_Green_Deal_0011,EuropeanCommission_2019_The_European_Green_Deal,https://openalex.org/W4388982597,2023,0.816614,0.808506,-0.008108,"Together with the industrial strategy, a new circular economy action plan will help modernise the EU's economy and draw benefit from the opportunities of the circular economy domestically and globally. A key aim of the new policy framework will be to stimulate the development of ","Challenges for The Circular Economy in Manufacturing. The introduction of the circular economy (CE) in production, minimizing waste, maximizing resource use, reducing environmental impact, conservation, and safety for society. The main objective is to choose appropriate methods t"
12,2,UN_SDG_Progress_Report_2021_0145,UN_SDG_Progress_Report_2021,https://openalex.org/W4391435311,2024,0.813885,0.812398,-0.001488,"Electronic waste continues to proliferate and is not being disposed of in a responsible way In 2019, the world generated 53.6 million metric tons of electronic E-waste generated and recycled, 2010-2019, projected e-waste generated and and electrical equipment waste (e-waste), an ","Challenges in E‐Waste Management. Almost every element of contemporary life has been impacted by information and communications technology (ICT). In this regard, even the most isolated regions of developing countries are seeing a positive impact on human life. The capacity of ele"
12,3,sdgi_03549_4,sdgi_BIH_VNR_2023,https://openalex.org/W4388982597,2023,0.804326,0.794995,-0.009331,"E!icient use of resources in industry, waste management and the transition to a circular economy are included in entity strategic documents until 2027 (the Industrial Development Strategy of the RS 2021- 2027 and the FBiH Development Strategy 2021-2027), the Sustainable Energy an","Challenges for The Circular Economy in Manufacturing. The introduction of the circular economy (CE) in production, minimizing waste, maximizing resource use, reducing environmental impact, conservation, and safety for society. The main objective is to choose appropriate methods t"
12,4,sdgi_04180_15,sdgi_GRC_VNR_2022,https://openalex.org/W3074277506,2020,0.803411,0.806305,0.002893,"Regarding non-recyclable waste, 670 Kg of marine litter were collected in total, corresponding to 118,851 pieces, the majority of which consist of cigarette butts (44,680 pieces), plastic fragments of size less than 2.5 cm (48,820 pieces) and plastic straws (14,766 pieces). The p","EVALUATION OF WASTE MANAGEMENT FACILITIES THROUGH LAND-BASED MARINE LITTER DATA: CASE STUDY OF KENJERAN BEACH, SURABAYA. Marine litter surveys can be used to evaluate the effectiveness of policies to prevent litter pollution. This study aims to use land-based marine litter distri"
12,5,OECD_2022_SDGs_in_the_Balance_2022_0152,OECD_2022_SDGs_in_the_Balance_2022,https://openalex.org/W4409188170,2025,0.799052,0.801787,0.002735,"private sector Third, we need to come together as a It is important to remember that ● raise the awareness of business global community of nations to ensure while the number of voluntary multi- users and consumers system-wide change and solutions stakeholder initiatives and natio","Reducing and Eliminating Plastic Waste via Societal Changes. This chapter discusses the issue of plastic pollution and proposes methods to reduce and eliminate plastic waste from a societal perspective. These approaches include changing consumer culture and behavior, redeveloping"
13,1,sdgi_03901_0,sdgi_GHA_VNR_2022,https://openalex.org/W4412776591,2025,0.818731,0.823129,0.004398,GHANA 2022 VNR 99 SUSTAINABLE DEVELOPMENT GOALS GOAL 13 TAKE URGENT ACTION TO COMBAT CLIMATE CHANGE AND ITS IMPACTS Indicator 13.1.2: Number of countries that adopt national disaster risk reduction strategies in line with Sendai Framework Disaster Risk Reduction 2015-2030 Climate,"Assessing the Integration of the Sendai Framework, Sustainable Development Goals, and the Paris Agreement in Advancing Disaster Risk Reduction and Sustainable Development: Insights from an African Perspective. Disaster risk, climate change, and unsustainable development are growi"
13,2,ungdc_003377,ungdc_CZE_75_2020,https://openalex.org/W4312441916,2022,0.813914,0.809636,-0.004278,"But as we are in the global arena, let me revert to more universal issues. The pandemic has accelerated three major global trends that undermine effective multilateralism: 1) global geopolitical confrontation, 2) increasing political and economic fragmentation, 3) a clash between","Crises, Integration and the EU as an External Actor. This chapter addresses the ways in which the EU has dealt with two recent crises: the 'Euro crisis' and, more recently, the economic and fiscal challenges related to the COVID-19 pandemic. It discusses the ways in which the EU "
13,3,UN_AI_Strategy_Resource_Guide_0193,UN_AI_Strategy_Resource_Guide,https://openalex.org/W4399806789,2024,0.805346,0.802411,-0.002935,"Sustainability To the extent that is referenced, sustainability The global calls for development and deployment of AI to landscape of AI consider protecting the environment, ethics guidelines, improving the planet's ecosystem and","Framing the (un)sustainability of AI. Increasingly, the European Commission, businesses, and academics perceive the use of digital technologies as fundamental to reaching sustainability goals. In particular, artificial intelligence (AI) is recognized as crucial for enhancing our "
13,4,UN_SDG_Progress_Report_2020_0146,UN_SDG_Progress_Report_2020,https://openalex.org/W4412776591,2025,0.789469,0.794467,0.004998,and addressing gaps Implementation strategies 0 Prioritizing climate change into national planning Stocktaking Designing coherent implementation Developing road maps strategies including synergy Completing road maps Preparatory Communicating NAPs elements Analysing climate scenar,"Assessing the Integration of the Sendai Framework, Sustainable Development Goals, and the Paris Agreement in Advancing Disaster Risk Reduction and Sustainable Development: Insights from an African Perspective. Disaster risk, climate change, and unsustainable development are growi"
13,5,sdgi_04526_7,sdgi_MOZ_VNR_2020,https://openalex.org/W4412776591,2025,0.787062,0.791481,0.00442,"It was also based on the need to improve mechanisms for greater involvement of different players implementing adaptation and resilience-building actions. There is a need to improve coordination and communication, at horizontal and vertical level, with the involvement of Mozambica","Assessing the Integration of the Sendai Framework, Sustainable Development Goals, and the Paris Agreement in Advancing Disaster Risk Reduction and Sustainable Development: Insights from an African Perspective. Disaster risk, climate change, and unsustainable development are growi"
14,1,sdgi_04101_1,sdgi_BGD_VNR_2020,https://openalex.org/W4323027809,2022,0.863112,0.861288,-0.001824,Enhancing conservation and the sustainable use of ocean-based resources through international law will also help mitigate some of the challenges facing our oceans. As billions of people depend on oceans for their livelihood and food source 127 and on the transboundary nature of o,"Current status and chronological development of fisheries and aquaculture in Bangladesh. While many parts of the world face water scarcity, Bangladesh is fortunate to have an abundance of the resource. The economic health of the country depends heavily on the fishing industry. Bo"
14,2,sdgi_04100_1,sdgi_BGD_VNR_2017,https://openalex.org/W4323027809,2022,0.774111,0.76956,-0.004551,"Almost all of Bangladesh's marine fishing is carried out in shallow and shelf waters, beyond which no fishing is being currently done due to lack of appropriate vessel, fishing technologies and human capacity. 3.6.2. Fisheries resources The fisheries resources play a significant ","Current status and chronological development of fisheries and aquaculture in Bangladesh. While many parts of the world face water scarcity, Bangladesh is fortunate to have an abundance of the resource. The economic health of the country depends heavily on the fishing industry. Bo"
14,3,UN_SDG_Progress_Report_2023_0140,UN_SDG_Progress_Report_2023,https://openalex.org/W2954215220,2019,0.770709,0.768395,-0.002314,"Expanding global ocean acidification monitoring is crucial to confront an unabating crisis As greenhouse gas emissions soar, the oceans are silently absorbing The number of stations reporting ocean acidification data worldwide has a quarter of annual carbon dioxide emissions. Whi",Building the Knowledge-to-Action Pipeline in North America: Connecting Ocean Acidification Research and Actionable Decision Support. Ocean acidification (OA) describes the progressive decrease in the pH of seawater and other cascading chemical changes resulting from oceanic uptak
14,4,sdgi_04294_11,sdgi_VCT_VNR_2020,https://openalex.org/W4385773941,2023,0.762679,0.756889,-0.00579,"By 2030, increase the economic benefits to small island developing States and least developed countries from the sustainable use of marine resources, including through sustainable management of fisheries, aquaculture and tourism. Strategies and Actions Needed to Achieve Goal 14 W","Policies for potentially inundated island nations for the retention of marine resources and rights of associated under-water features and exclusive economic zones. Sea level rise is one of the primary drivers of global ecosystem change, with significant and far-reaching consequen"
14,5,sdgi_04194_18,sdgi_ISR_VNR_2019,https://openalex.org/W4405473513,2024,0.762653,0.761372,-0.001281,The document includes guidelines on conservation as well as recommendations on the expansion of nature reserves and protected areas in the Gulf. Marine spatial planning An integrated marine spatial planning policy for the Mediterranean Sea is under preparation in a multi-stakehol,"Environmental Governance of the Sea. Abstract This chapter refers to the sea in general and the essential ecosystems it provides. The concept ""integration"" is introduced, as well as a reference to the innovative sea governance tools and processes, such as marine protected areas a"
15,1,sdgi_04362_0,sdgi_NOR_VLR_oslo_2023,https://openalex.org/W3129135652,2020,0.78368,0.780871,-0.002809,"44 • Sustainability Report (VLR) ▪ City of Oslo ▪ SDG15: Life on Land Sustainable Development Goal 15 is to protect, restore and promote sustainable use of terrestrial ecosystems, sustainably manage forests, combat desertification, halt and reverse land degradation, and halt biod",Green infrastructure : a nature and health perspective for the municipality of Oslo. Oslo is a green city by both meanings of the word. The focus on sustainability and climate friendly politics are key components in the municipality's plans and programs as well as Oslo being gree
15,2,sdgi_05487_3,sdgi_DEU_VLR_stuttgart_2021,https://openalex.org/W3015505278,2018,0.774468,0.774805,0.000337,"The biomass produced this way, in particular in the form of wood, ensures the availability of renewable energy as a regenerative raw material. • In the case of low and less dense vegetation, green spaces support the ventilation of residential areas. By doing so, they not only red",Assessing the Cooling Effects of Urban Vegetation on Urban Heat Mitigation in Selected U.S. Cities. Urban Heat Island (UHI) is a growing problem worldwide. Mitigation of UHI is necessary for cities to adapt to climate change and enhance sustainable development at a city scale. Co
15,3,Villani_2018_For_a_Meaningful_Artificial_Intelligence_Towards_a_French_and_European_Strategy_0196,Villani_2018_For_a_Meaningful_Artificial_Intelligence_Towards_a_French_and_European_Strategy,https://openalex.org/W4236832849,2019,0.763871,0.760334,-0.003538,"The AI boom is likely to reinforce these trends through the storage and exchange of a growing volume of data, an increase in computer power, the pressure to keep renewing equipment in order to improve performance, etc. The roll-out of new computer architecture which makes more ef","Artificial Intelligence and the Environmental Crisis. A radical and challenging book which argues that artificial intelligence needs a completely different set of foundations, based on ecological intelligence rather than human intelligence, if it is to deliver on the promise of a"
15,4,sdgi_04391_8,sdgi_BGD_VNR_2020,https://openalex.org/W3194451740,2021,0.759704,0.758324,-0.00138,"Biodiversity considerations have been integrated into related plans, programmes, and policies of Bangladesh with a view to mainstreaming it. Bangladesh Biodiversity Act of 2017 has been enacted. Valuation of goods and services provided by the ecosystem and biodiversity will be ac",Forest Governance Transitions in Bangladesh. Forests are becoming an ever-important centre of focus in the backdrop of climate change mitigation through carbon sequestration. Reducing emissions from deforestation and forest degradation (REDD+) in developing countries has become a
15,5,sdgi_04478_2,sdgi_HUN_VNR_2018,https://openalex.org/W4403576033,2024,0.730326,0.731191,0.000865,"An additional important element of the Strategy is the adaptation of forests and forest management to climate change. A wide range of adaptation measures has been outlined, including close to nature forest management, assisted migration, the favouring of drought-tolerant species,","Evaluation of the Performance of Climatic Scenarios in the Basal Area Model of Trees (Case Study: the Farim Forest). Background: Currently, forests are not only considered an economic pole but also a support for the survival of other sectors.For this reason, decision-making, as t"
16,1,UnitedNationsSystem_2024_White_Paper_on_AI_Governance_0030,UnitedNationsSystem_2024_White_Paper_on_AI_Governance,https://openalex.org/W7133483450,2025,0.814759,0.809764,-0.004995,"International law, including international human rights law, is of fundamental importance for designing and implementing AI governance frameworks, institutions and process, both domestically and internationally, and various existing international legal frameworks can readily be e","Implikasi Artificial Intelligence terhadap Hak Asasi Manusia serta Kerangka Penanaman Prinsip-Prinsip HAM dalam Siklus Hidup AI Berdasarkan Hukum Internasional. Artificial Intelligence (AI) represents a transformative leap in science and technology that redefines how humans work,"
16,2,UN_AI_Strategy_Resource_Guide_0135,UN_AI_Strategy_Resource_Guide,https://openalex.org/W4411071884,2025,0.812211,0.811316,-0.000896,Access Now: Privacy and Freedom of Expression in the Age of Artificial Intelligence (Privacy International & Article 19) This paper focuses AI's impact on the right to privacy and the right to freedom of expression and information. It examines the ways in which AI impacts these t,"Legislative Frameworks for the Ethical Deployment of Artificial Intelligence: Safeguarding Human Rights in the Age of Technology. Artificial intelligence (AI) is progressing rapidly from a technical perspective, and its potential human rights violations have led to an urgent need"
16,3,UN_AI_Strategy_Resource_Guide_0122,UN_AI_Strategy_Resource_Guide,https://openalex.org/W4411400635,2025,0.80979,0.803849,-0.005941,"with the Director of the Office of Science and Technology Policy, the Director of the Domestic Policy Council, and the Director of the National Economic Council, to issue a memorandum that provides guidance to all Federal agencies to inform the development of regulatory and non-r",Las inteligencias artificiales y sus regulaciones internacionales: análisis de las Resoluciones de la Asamblea General de la ONU en 2024. Artificial intelligences (AI) are generating deep changes in our societies. Its regulation has become one of the most relevant issues of polit
16,4,OECD_2023_Advancing_Accountability_in_AI_Governing_and_Managing_Risks_Throughout_the_Lifecycle_0026,OECD_2023_Advancing_Accountability_in_AI_Governing_and_Managing_Risks_Throughout_the_Lifecycle,https://openalex.org/W4410193015,2025,0.806462,0.800294,-0.006168,"16  ADVANCING ACCOUNTABILITY IN AI 1. Introduction 1.1 The need for trustworthy AI With the rise of artificial intelligence (AI), the legal, ethical, and safety implications of its development and use are becoming increasingly pivotal for governments, businesses, and society (Bo","Governance of High-Risk AI Systems in Healthcare and Credit Scoring. MotivationGovernance of artificial intelligence (AI) systems is an evolving field focused on establishing the frameworks, policies, and practices necessary to ensure the responsible use of AI systems across vari"
16,5,EU_AI_Ethics_Guidelines_HLEG_0028,EU_AI_Ethics_Guidelines_HLEG,https://openalex.org/W7133483450,2025,0.805017,0.800074,-0.004943,"When the term ""citizens' rights"" is used here, this is not to deny or neglect the rights of third-country nationals and irregular (or illegal) persons in the EU who also have rights under international law, and - therefore - in the area of AI systems. 2.2 Ethical Principles in th","Implikasi Artificial Intelligence terhadap Hak Asasi Manusia serta Kerangka Penanaman Prinsip-Prinsip HAM dalam Siklus Hidup AI Berdasarkan Hukum Internasional. Artificial Intelligence (AI) represents a transformative leap in science and technology that redefines how humans work,"
17,1,ungdc_003351,ungdc_CHN_75_2020,https://openalex.org/W3101208093,2020,0.815115,0.81264,-0.002475,"Facing the virus, we should show concern for and accommodate the need of developing countries, especially African countries. The international community needs to take timely and robust measures in such fields as debt relief and international assistance, ensure the implementation ",A collaborative effort of China in combating COVID-19. A novel coronavirus (COVID-19) was firstly identified in Wuhan by the end of 2019. China has implemented a series of preventive measures to deter COVID-19 spread and its consequences since the beginning of the epidemic. In Ch
17,2,African_Union_Continental_AI_Strategy_2024_0053,African_Union_Continental_AI_Strategy_2024,https://openalex.org/W4387183644,2023,0.799748,0.795633,-0.004116,"• Establish a regional independent AI Ethics Board, which reviews applications from AI research groups seeking to develop novel, large-scale AI systems with the potential to impact African societies significantly. • Support Member States in integrating AI in National Development ","Responsible artificial intelligence in Africa: Towards policy learning. Several African countries are developing artificial intelligence (AI) strategies and ethics frameworks with the goal of accelerating responsible AI development and adoption. However, many of these governance "
17,3,African_Union_Continental_AI_Strategy_2024_0048,African_Union_Continental_AI_Strategy_2024,https://openalex.org/W4387183644,2023,0.791478,0.787277,-0.004201,"2.4.1 AI Governance and Regulation Effective governance is a key mechanism for ensuring that the use and development of AI are inclusive of diverse populations, serve African agendas, and do not harm African people, societies or environments. Developing robust governance regimes ","Responsible artificial intelligence in Africa: Towards policy learning. Several African countries are developing artificial intelligence (AI) strategies and ethics frameworks with the goal of accelerating responsible AI development and adoption. However, many of these governance "
17,4,sdgi_05464_0,sdgi_DEU_VLR_hanover_2020,https://openalex.org/W4412423735,2025,0.790084,0.788273,-0.00181,"STRATEGIC GOAL 20 Establish sustainability as broadly as possible, strengthen participation at all levels GLOBAL CONTEXT The 196 countries signing the United Nations’ “2030 Agenda for Sustainable Development” [218] have pledged to implement the 17 Sustainable Development Goals (S",Essential concepts for implementing the Sustainable Development Goals. This introductory chapter contextualizes the A-Z Guide 'Essential Concepts for Implementing the Sustainable Development Goals' into existing research and political developments concerning the 17 Sustainable De
17,5,OECD_2023_Advancing_Accountability_in_AI_Governing_and_Managing_Risks_Throughout_the_Lifecycle_0014,OECD_2023_Advancing_Accountability_in_AI_Governing_and_Managing_Risks_Throughout_the_Lifecycle,https://openalex.org/W2963808661,2025,0.789876,0.793782,0.003906,"ADVANCING ACCOUNTABILITY IN AI  11 verifying that training data is not out-of-date to avoid ""data drift"". It also includes non-technical components such as monitoring AI incidents, i.e. cases where AI risks materialised into harm.  Documenting the steps, decisions, and actions ","Scaling of End-To-End Governance Risk Assessments for AI Systems (Practitioner Track). Artificial Intelligence (AI) systems are embedded in a multifaceted environment characterized by intricate technical, legal, and organizational frameworks. To attain a comprehensive understandi"
