variant,temperature,corpus,sdg,weighted_attention,weighted_attention_share,hard_attention_share_if_available,difference_from_hard_if_available
raw_softmax,0.03,research,1,40340.945368,0.015859,0.006102,0.009757
raw_softmax,0.03,policy,1,42.185346,0.017176,0.013844,0.003332
raw_softmax,0.03,research,2,91987.127591,0.036163,0.030593,0.00557
raw_softmax,0.03,policy,2,49.859771,0.020301,0.006515,0.013786
raw_softmax,0.03,research,3,438782.843285,0.172498,0.2172,-0.044702
raw_softmax,0.03,policy,3,48.888457,0.019906,0.003257,0.016649
raw_softmax,0.03,research,4,384585.037906,0.151191,0.159668,-0.008477
raw_softmax,0.03,policy,4,40.044791,0.016305,0.000814,0.015491
raw_softmax,0.03,research,5,81651.821386,0.0321,0.022973,0.009127
raw_softmax,0.03,policy,5,79.132197,0.03222,0.007329,0.024891
raw_softmax,0.03,research,6,85891.971107,0.033767,0.025802,0.007965
raw_softmax,0.03,policy,6,28.298061,0.011522,0.002036,0.009486
raw_softmax,0.03,research,7,186507.163671,0.073321,0.078628,-0.005307
raw_softmax,0.03,policy,7,48.899706,0.01991,0.004479,0.015431
raw_softmax,0.03,research,8,75306.663607,0.029605,0.018228,0.011377
raw_softmax,0.03,policy,8,33.203294,0.013519,0.011401,0.002118
raw_softmax,0.03,research,9,297803.655884,0.117075,0.142829,-0.025754
raw_softmax,0.03,policy,9,91.978263,0.03745,0.03013,0.00732
raw_softmax,0.03,research,10,40430.837696,0.015895,0.006224,0.009671
raw_softmax,0.03,policy,10,16.168827,0.006583,0.000814,0.005769
raw_softmax,0.03,research,11,189289.352731,0.074415,0.077127,-0.002712
raw_softmax,0.03,policy,11,39.946321,0.016265,0.035423,-0.019158
raw_softmax,0.03,research,12,117400.343044,0.046153,0.037825,0.008328
raw_softmax,0.03,policy,12,30.520903,0.012427,0.004479,0.007948
raw_softmax,0.03,research,13,77234.709226,0.030363,0.020028,0.010335
raw_softmax,0.03,policy,13,477.338579,0.194356,0.155537,0.038819
raw_softmax,0.03,research,14,99098.748942,0.038959,0.034446,0.004513
raw_softmax,0.03,policy,14,51.398361,0.020928,0.002036,0.018892
raw_softmax,0.03,research,15,111670.056901,0.043901,0.039452,0.004449
raw_softmax,0.03,policy,15,43.204103,0.017591,0.002443,0.015148
raw_softmax,0.03,research,16,175554.737739,0.069016,0.074819,-0.005803
raw_softmax,0.03,policy,16,441.639496,0.179821,0.125814,0.054007
raw_softmax,0.03,research,17,50087.010113,0.019691,0.008055,0.011636
raw_softmax,0.03,policy,17,893.29266,0.363719,0.593648,-0.229929
raw_softmax,0.05,research,1,65579.43471,0.025781,0.006102,0.019679
raw_softmax,0.05,policy,1,62.301295,0.025367,0.013844,0.011523
raw_softmax,0.05,research,2,102709.578135,0.040378,0.030593,0.009785
raw_softmax,0.05,policy,2,59.051102,0.024044,0.006515,0.017529
raw_softmax,0.05,research,3,335670.109489,0.131961,0.2172,-0.085239
raw_softmax,0.05,policy,3,50.40755,0.020524,0.003257,0.017267
raw_softmax,0.05,research,4,355278.138039,0.13967,0.159668,-0.019998
raw_softmax,0.05,policy,4,41.977304,0.017092,0.000814,0.016278
raw_softmax,0.05,research,5,101406.108313,0.039866,0.022973,0.016893
raw_softmax,0.05,policy,5,85.356832,0.034754,0.007329,0.027425
raw_softmax,0.05,research,6,104015.196283,0.040891,0.025802,0.015089
raw_softmax,0.05,policy,6,42.057351,0.017124,0.002036,0.015088
raw_softmax,0.05,research,7,173859.497464,0.068349,0.078628,-0.010279
raw_softmax,0.05,policy,7,56.83566,0.023142,0.004479,0.018663
raw_softmax,0.05,research,8,98128.153273,0.038577,0.018228,0.020349
raw_softmax,0.05,policy,8,46.738895,0.01903,0.011401,0.007629
raw_softmax,0.05,research,9,255252.69886,0.100347,0.142829,-0.042482
raw_softmax,0.05,policy,9,96.512315,0.039297,0.03013,0.009167
raw_softmax,0.05,research,10,64602.070131,0.025397,0.006224,0.019173
raw_softmax,0.05,policy,10,34.580327,0.01408,0.000814,0.013266
raw_softmax,0.05,research,11,180915.521686,0.071123,0.077127,-0.006004
raw_softmax,0.05,policy,11,50.686521,0.020638,0.035423,-0.014785
raw_softmax,0.05,research,12,131463.562324,0.051682,0.037825,0.013857
raw_softmax,0.05,policy,12,47.624795,0.019391,0.004479,0.014912
raw_softmax,0.05,research,13,99118.092011,0.038966,0.020028,0.018938
raw_softmax,0.05,policy,13,450.718872,0.183517,0.155537,0.02798
raw_softmax,0.05,research,14,109127.553387,0.042901,0.034446,0.008455
raw_softmax,0.05,policy,14,55.42732,0.022568,0.002036,0.020532
raw_softmax,0.05,research,15,122207.253222,0.048043,0.039452,0.008591
raw_softmax,0.05,policy,15,52.254091,0.021276,0.002443,0.018833
raw_softmax,0.05,research,16,166151.263569,0.065319,0.074819,-0.0095
raw_softmax,0.05,policy,16,425.866374,0.173398,0.125814,0.047584
raw_softmax,0.05,research,17,78211.464014,0.030747,0.008055,0.022692
raw_softmax,0.05,policy,17,797.603728,0.324757,0.593648,-0.268891
raw_softmax,0.1,research,1,107363.510654,0.042208,0.006102,0.036106
raw_softmax,0.1,policy,1,110.046308,0.044807,0.013844,0.030963
raw_softmax,0.1,research,2,121678.664987,0.047835,0.030593,0.017242
raw_softmax,0.1,policy,2,94.097125,0.038313,0.006515,0.031798
raw_softmax,0.1,research,3,215719.095615,0.084805,0.2172,-0.132395
raw_softmax,0.1,policy,3,65.388589,0.026624,0.003257,0.023367
raw_softmax,0.1,research,4,257388.153885,0.101187,0.159668,-0.058481
raw_softmax,0.1,policy,4,61.042025,0.024854,0.000814,0.02404
raw_softmax,0.1,research,5,128624.636545,0.050566,0.022973,0.027593
raw_softmax,0.1,policy,5,108.876705,0.044331,0.007329,0.037002
raw_softmax,0.1,research,6,129149.383451,0.050772,0.025802,0.02497
raw_softmax,0.1,policy,6,89.803581,0.036565,0.002036,0.034529
raw_softmax,0.1,research,7,154477.784622,0.06073,0.078628,-0.017898
raw_softmax,0.1,policy,7,88.308638,0.035956,0.004479,0.031477
raw_softmax,0.1,research,8,131610.090738,0.05174,0.018228,0.033512
raw_softmax,0.1,policy,8,88.832976,0.03617,0.011401,0.024769
raw_softmax,0.1,research,9,207516.94317,0.081581,0.142829,-0.061248
raw_softmax,0.1,policy,9,122.522732,0.049887,0.03013,0.019757
raw_softmax,0.1,research,10,105970.866872,0.04166,0.006224,0.035436
raw_softmax,0.1,policy,10,85.593863,0.034851,0.000814,0.034037
raw_softmax,0.1,research,11,171493.071703,0.067419,0.077127,-0.009708
raw_softmax,0.1,policy,11,91.774416,0.037367,0.035423,0.001944
raw_softmax,0.1,research,12,147955.098722,0.058165,0.037825,0.02034
raw_softmax,0.1,policy,12,95.341944,0.03882,0.004479,0.034341
raw_softmax,0.1,research,13,129152.011095,0.050773,0.020028,0.030745
raw_softmax,0.1,policy,13,343.089831,0.139695,0.155537,-0.015842
raw_softmax,0.1,research,14,125053.005562,0.049162,0.034446,0.014716
raw_softmax,0.1,policy,14,82.386105,0.033545,0.002036,0.031509
raw_softmax,0.1,research,15,135099.913755,0.053112,0.039452,0.01366
raw_softmax,0.1,policy,15,86.460825,0.035204,0.002443,0.032761
raw_softmax,0.1,research,16,154623.046669,0.060787,0.074819,-0.014032
raw_softmax,0.1,policy,16,320.944504,0.130678,0.125814,0.004864
raw_softmax,0.1,research,17,120822.306906,0.047499,0.008055,0.039444
raw_softmax,0.1,policy,17,521.488954,0.212333,0.593648,-0.381315
raw_softmax,0.2,research,1,132346.499979,0.052029,0.006102,0.045927
raw_softmax,0.2,policy,1,137.342039,0.055921,0.013844,0.042077
raw_softmax,0.2,research,2,136880.90453,0.053812,0.030593,0.023219
raw_softmax,0.2,policy,2,125.156856,0.05096,0.006515,0.044445
raw_softmax,0.2,research,3,169845.045414,0.066771,0.2172,-0.150429
raw_softmax,0.2,policy,3,95.149826,0.038742,0.003257,0.035485
raw_softmax,0.2,research,4,186968.323915,0.073503,0.159668,-0.086165
raw_softmax,0.2,policy,4,93.340138,0.038005,0.000814,0.037191
raw_softmax,0.2,research,5,141197.263252,0.055509,0.022973,0.032536
raw_softmax,0.2,policy,5,127.930946,0.052089,0.007329,0.04476
raw_softmax,0.2,research,6,142315.416664,0.055948,0.025802,0.030146
raw_softmax,0.2,policy,6,126.054376,0.051325,0.002036,0.049289
raw_softmax,0.2,research,7,147957.199814,0.058166,0.078628,-0.020462
raw_softmax,0.2,policy,7,117.185892,0.047714,0.004479,0.043235
raw_softmax,0.2,research,8,146125.646487,0.057446,0.018228,0.039218
raw_softmax,0.2,policy,8,122.830606,0.050012,0.011401,0.038611
raw_softmax,0.2,research,9,179019.290789,0.070378,0.142829,-0.072451
raw_softmax,0.2,policy,9,142.352614,0.057961,0.03013,0.027831
raw_softmax,0.2,research,10,131252.93828,0.051599,0.006224,0.045375
raw_softmax,0.2,policy,10,122.53157,0.049891,0.000814,0.049077
raw_softmax,0.2,research,11,163688.443714,0.064351,0.077127,-0.012776
raw_softmax,0.2,policy,11,126.170764,0.051372,0.035423,0.015949
raw_softmax,0.2,research,12,152530.505141,0.059964,0.037825,0.022139
raw_softmax,0.2,policy,12,127.942831,0.052094,0.004479,0.047615
raw_softmax,0.2,research,13,143228.251579,0.056307,0.020028,0.036279
raw_softmax,0.2,policy,13,237.452303,0.096683,0.155537,-0.058854
raw_softmax,0.2,research,14,137276.0604,0.053967,0.034446,0.019521
raw_softmax,0.2,policy,14,112.704577,0.045889,0.002036,0.043853
raw_softmax,0.2,research,15,141900.46593,0.055785,0.039452,0.016333
raw_softmax,0.2,policy,15,117.118901,0.047687,0.002443,0.045244
raw_softmax,0.2,research,16,149233.701666,0.058668,0.074819,-0.016151
raw_softmax,0.2,policy,16,216.977604,0.088346,0.125814,-0.037468
raw_softmax,0.2,research,17,141931.84458,0.055797,0.008055,0.047742
raw_softmax,0.2,policy,17,307.758222,0.125309,0.593648,-0.468339
corpus_calibrated_softmax,0.03,research,1,57532.867563,0.022618,0.006102,0.016516
corpus_calibrated_softmax,0.03,policy,1,29.762075,0.012118,0.013844,-0.001726
corpus_calibrated_softmax,0.03,research,2,101337.386374,0.039839,0.030593,0.009246
corpus_calibrated_softmax,0.03,policy,2,64.49616,0.026261,0.006515,0.019746
corpus_calibrated_softmax,0.03,research,3,512869.88797,0.201624,0.2172,-0.015576
corpus_calibrated_softmax,0.03,policy,3,77.492952,0.031553,0.003257,0.028296
corpus_calibrated_softmax,0.03,research,4,312332.382556,0.122787,0.159668,-0.036881
corpus_calibrated_softmax,0.03,policy,4,66.123979,0.026923,0.000814,0.026109
corpus_calibrated_softmax,0.03,research,5,93801.830751,0.036876,0.022973,0.013903
corpus_calibrated_softmax,0.03,policy,5,88.598424,0.036074,0.007329,0.028745
corpus_calibrated_softmax,0.03,research,6,74974.297638,0.029475,0.025802,0.003673
corpus_calibrated_softmax,0.03,policy,6,38.752954,0.015779,0.002036,0.013743
corpus_calibrated_softmax,0.03,research,7,258806.773901,0.101744,0.078628,0.023116
corpus_calibrated_softmax,0.03,policy,7,83.168225,0.033863,0.004479,0.029384
corpus_calibrated_softmax,0.03,research,8,69480.163464,0.027315,0.018228,0.009087
corpus_calibrated_softmax,0.03,policy,8,26.333127,0.010722,0.011401,-0.000679
corpus_calibrated_softmax,0.03,research,9,180221.545946,0.07085,0.142829,-0.071979
corpus_calibrated_softmax,0.03,policy,9,87.488485,0.035622,0.03013,0.005492
corpus_calibrated_softmax,0.03,research,10,57711.878693,0.022688,0.006224,0.016464
corpus_calibrated_softmax,0.03,policy,10,18.88887,0.007691,0.000814,0.006877
corpus_calibrated_softmax,0.03,research,11,150000.089879,0.058969,0.077127,-0.018158
corpus_calibrated_softmax,0.03,policy,11,42.360413,0.017248,0.035423,-0.018175
corpus_calibrated_softmax,0.03,research,12,93053.92089,0.036582,0.037825,-0.001243
corpus_calibrated_softmax,0.03,policy,12,23.071468,0.009394,0.004479,0.004915
corpus_calibrated_softmax,0.03,research,13,58344.550566,0.022937,0.020028,0.002909
corpus_calibrated_softmax,0.03,policy,13,396.516768,0.161448,0.155537,0.005911
corpus_calibrated_softmax,0.03,research,14,126165.399727,0.049599,0.034446,0.015153
corpus_calibrated_softmax,0.03,policy,14,98.016992,0.039909,0.002036,0.037873
corpus_calibrated_softmax,0.03,research,15,123965.568884,0.048734,0.039452,0.009282
corpus_calibrated_softmax,0.03,policy,15,76.066743,0.030972,0.002443,0.028529
corpus_calibrated_softmax,0.03,research,16,240328.077083,0.09448,0.074819,0.019661
corpus_calibrated_softmax,0.03,policy,16,1010.753296,0.411545,0.125814,0.285731
corpus_calibrated_softmax,0.03,research,17,32749.481714,0.012875,0.008055,0.00482
corpus_calibrated_softmax,0.03,policy,17,228.108713,0.092878,0.593648,-0.50077
corpus_calibrated_softmax,0.05,research,1,58023.185884,0.022811,0.006102,0.016709
corpus_calibrated_softmax,0.05,policy,1,29.730521,0.012105,0.013844,-0.001739
corpus_calibrated_softmax,0.05,research,2,102133.543448,0.040152,0.030593,0.009559
corpus_calibrated_softmax,0.05,policy,2,64.862952,0.02641,0.006515,0.019895
corpus_calibrated_softmax,0.05,research,3,509104.642876,0.200144,0.2172,-0.017056
corpus_calibrated_softmax,0.05,policy,3,77.332335,0.031487,0.003257,0.02823
corpus_calibrated_softmax,0.05,research,4,311825.148664,0.122587,0.159668,-0.037081
corpus_calibrated_softmax,0.05,policy,4,66.368682,0.027023,0.000814,0.026209
corpus_calibrated_softmax,0.05,research,5,95175.987163,0.037416,0.022973,0.014443
corpus_calibrated_softmax,0.05,policy,5,88.536657,0.036049,0.007329,0.02872
corpus_calibrated_softmax,0.05,research,6,75701.308128,0.02976,0.025802,0.003958
corpus_calibrated_softmax,0.05,policy,6,38.766572,0.015784,0.002036,0.013748
corpus_calibrated_softmax,0.05,research,7,257217.916101,0.10112,0.078628,0.022492
corpus_calibrated_softmax,0.05,policy,7,83.472238,0.033987,0.004479,0.029508
corpus_calibrated_softmax,0.05,research,8,70532.522954,0.027728,0.018228,0.0095
corpus_calibrated_softmax,0.05,policy,8,26.434991,0.010763,0.011401,-0.000638
corpus_calibrated_softmax,0.05,research,9,179415.254332,0.070533,0.142829,-0.072296
corpus_calibrated_softmax,0.05,policy,9,88.021084,0.035839,0.03013,0.005709
corpus_calibrated_softmax,0.05,research,10,59105.037488,0.023236,0.006224,0.017012
corpus_calibrated_softmax,0.05,policy,10,18.864264,0.007681,0.000814,0.006867
corpus_calibrated_softmax,0.05,research,11,149743.014072,0.058868,0.077127,-0.018259
corpus_calibrated_softmax,0.05,policy,11,42.15454,0.017164,0.035423,-0.018259
corpus_calibrated_softmax,0.05,research,12,93634.536146,0.03681,0.037825,-0.001015
corpus_calibrated_softmax,0.05,policy,12,23.546972,0.009588,0.004479,0.005109
corpus_calibrated_softmax,0.05,research,13,59301.263959,0.023313,0.020028,0.003285
corpus_calibrated_softmax,0.05,policy,13,395.092403,0.160868,0.155537,0.005331
corpus_calibrated_softmax,0.05,research,14,126230.979154,0.049625,0.034446,0.015179
corpus_calibrated_softmax,0.05,policy,14,98.090031,0.039939,0.002036,0.037903
corpus_calibrated_softmax,0.05,research,15,124233.842538,0.04884,0.039452,0.009388
corpus_calibrated_softmax,0.05,policy,15,75.984116,0.030938,0.002443,0.028495
corpus_calibrated_softmax,0.05,research,16,238534.590585,0.093775,0.074819,0.018956
corpus_calibrated_softmax,0.05,policy,16,1009.60707,0.411078,0.125814,0.285264
corpus_calibrated_softmax,0.05,research,17,33734.826593,0.013262,0.008055,0.005207
corpus_calibrated_softmax,0.05,policy,17,229.133052,0.093295,0.593648,-0.500353
corpus_calibrated_softmax,0.1,research,1,61038.860218,0.023996,0.006102,0.017894
corpus_calibrated_softmax,0.1,policy,1,30.582999,0.012452,0.013844,-0.001392
corpus_calibrated_softmax,0.1,research,2,105979.395532,0.041664,0.030593,0.011071
corpus_calibrated_softmax,0.1,policy,2,66.026314,0.026884,0.006515,0.020369
corpus_calibrated_softmax,0.1,research,3,490793.110947,0.192945,0.2172,-0.024255
corpus_calibrated_softmax,0.1,policy,3,76.926673,0.031322,0.003257,0.028065
corpus_calibrated_softmax,0.1,research,4,309526.093044,0.121684,0.159668,-0.037984
corpus_calibrated_softmax,0.1,policy,4,66.979398,0.027272,0.000814,0.026458
corpus_calibrated_softmax,0.1,research,5,100683.802508,0.039582,0.022973,0.016609
corpus_calibrated_softmax,0.1,policy,5,88.252992,0.035934,0.007329,0.028605
corpus_calibrated_softmax,0.1,research,6,79392.95132,0.031212,0.025802,0.00541
corpus_calibrated_softmax,0.1,policy,6,39.430725,0.016055,0.002036,0.014019
corpus_calibrated_softmax,0.1,research,7,250413.770903,0.098445,0.078628,0.019817
corpus_calibrated_softmax,0.1,policy,7,85.60702,0.034856,0.004479,0.030377
corpus_calibrated_softmax,0.1,research,8,74988.186425,0.02948,0.018228,0.011252
corpus_calibrated_softmax,0.1,policy,8,27.206722,0.011078,0.011401,-0.000323
corpus_calibrated_softmax,0.1,research,9,175722.164125,0.069081,0.142829,-0.073748
corpus_calibrated_softmax,0.1,policy,9,88.764896,0.036142,0.03013,0.006012
corpus_calibrated_softmax,0.1,research,10,64290.583155,0.025274,0.006224,0.01905
corpus_calibrated_softmax,0.1,policy,10,19.822073,0.008071,0.000814,0.007257
corpus_calibrated_softmax,0.1,research,11,148677.163373,0.058449,0.077127,-0.018678
corpus_calibrated_softmax,0.1,policy,11,42.04586,0.01712,0.035423,-0.018303
corpus_calibrated_softmax,0.1,research,12,96325.411082,0.037868,0.037825,4.3e-05
corpus_calibrated_softmax,0.1,policy,12,25.313926,0.010307,0.004479,0.005828
corpus_calibrated_softmax,0.1,research,13,64076.902339,0.02519,0.020028,0.005162
corpus_calibrated_softmax,0.1,policy,13,387.805854,0.157901,0.155537,0.002364
corpus_calibrated_softmax,0.1,research,14,126875.188876,0.049878,0.034446,0.015432
corpus_calibrated_softmax,0.1,policy,14,98.88669,0.040263,0.002036,0.038227
corpus_calibrated_softmax,0.1,research,15,125468.356409,0.049325,0.039452,0.009873
corpus_calibrated_softmax,0.1,policy,15,77.046557,0.031371,0.002443,0.028928
corpus_calibrated_softmax,0.1,research,16,230736.292885,0.090709,0.074819,0.01589
corpus_calibrated_softmax,0.1,policy,16,1003.658919,0.408656,0.125814,0.282842
corpus_calibrated_softmax,0.1,research,17,38618.161507,0.015182,0.008055,0.007127
corpus_calibrated_softmax,0.1,policy,17,231.639854,0.094316,0.593648,-0.499332
corpus_calibrated_softmax,0.2,research,1,73623.645332,0.028944,0.006102,0.022842
corpus_calibrated_softmax,0.2,policy,1,35.965535,0.014644,0.013844,0.0008
corpus_calibrated_softmax,0.2,research,2,116836.267436,0.045932,0.030593,0.015339
corpus_calibrated_softmax,0.2,policy,2,69.628815,0.02835,0.006515,0.021835
corpus_calibrated_softmax,0.2,research,3,427979.518501,0.168251,0.2172,-0.048949
corpus_calibrated_softmax,0.2,policy,3,76.172065,0.031015,0.003257,0.027758
corpus_calibrated_softmax,0.2,research,4,298999.355639,0.117545,0.159668,-0.042123
corpus_calibrated_softmax,0.2,policy,4,68.640603,0.027948,0.000814,0.027134
corpus_calibrated_softmax,0.2,research,5,114953.044905,0.045191,0.022973,0.022218
corpus_calibrated_softmax,0.2,policy,5,89.384844,0.036394,0.007329,0.029065
corpus_calibrated_softmax,0.2,research,6,91575.294464,0.036001,0.025802,0.010199
corpus_calibrated_softmax,0.2,policy,6,45.84089,0.018665,0.002036,0.016629
corpus_calibrated_softmax,0.2,research,7,233576.326946,0.091825,0.078628,0.013197
corpus_calibrated_softmax,0.2,policy,7,93.373021,0.038018,0.004479,0.033539
corpus_calibrated_softmax,0.2,research,8,87189.252923,0.034277,0.018228,0.016049
corpus_calibrated_softmax,0.2,policy,8,30.419967,0.012386,0.011401,0.000985
corpus_calibrated_softmax,0.2,research,9,164964.838356,0.064852,0.142829,-0.077977
corpus_calibrated_softmax,0.2,policy,9,88.928788,0.036209,0.03013,0.006079
corpus_calibrated_softmax,0.2,research,10,78251.637466,0.030763,0.006224,0.024539
corpus_calibrated_softmax,0.2,policy,10,26.4742,0.010779,0.000814,0.009965
corpus_calibrated_softmax,0.2,research,11,144675.5986,0.056876,0.077127,-0.020251
corpus_calibrated_softmax,0.2,policy,11,43.515711,0.017718,0.035423,-0.017705
corpus_calibrated_softmax,0.2,research,12,104433.04371,0.041056,0.037825,0.003231
corpus_calibrated_softmax,0.2,policy,12,32.71774,0.013322,0.004479,0.008843
corpus_calibrated_softmax,0.2,research,13,78750.584153,0.030959,0.020028,0.010931
corpus_calibrated_softmax,0.2,policy,13,360.509062,0.146787,0.155537,-0.00875
corpus_calibrated_softmax,0.2,research,14,131179.651066,0.05157,0.034446,0.017124
corpus_calibrated_softmax,0.2,policy,14,104.976756,0.042743,0.002036,0.040707
corpus_calibrated_softmax,0.2,research,15,130251.751712,0.051206,0.039452,0.011754
corpus_calibrated_softmax,0.2,policy,15,83.35369,0.033939,0.002443,0.031496
corpus_calibrated_softmax,0.2,research,16,211338.681978,0.083083,0.074819,0.008264
corpus_calibrated_softmax,0.2,policy,16,970.967253,0.395345,0.125814,0.269531
corpus_calibrated_softmax,0.2,research,17,55014.584247,0.021628,0.008055,0.013573
corpus_calibrated_softmax,0.2,policy,17,235.129676,0.095737,0.593648,-0.497911
