family,sdg,n_research_papers,n_policy_segments,n_policy_segments_capped,n_policy_docs,n_policy_docs_capped,segment_cap,semantic_similarity,semantic_gap,policy_cohesion,unreliable
full_policy_corpus,1,18270,1798,1761,542,542,50,0.732072,0.267928,0.426929,False
full_policy_corpus,2,78635,1712,1494,405,405,50,0.904618,0.095382,0.568479,False
full_policy_corpus,3,807587,2926,2424,466,466,50,0.708626,0.291374,0.496427,False
full_policy_corpus,4,454803,2063,2063,486,486,50,0.838501,0.161499,0.57246,False
full_policy_corpus,5,73507,2047,2005,599,599,50,0.813761,0.186239,0.557952,False
full_policy_corpus,6,34114,1207,1207,328,328,50,0.873445,0.126555,0.582539,False
full_policy_corpus,7,113520,1770,1572,431,431,50,0.833526,0.166474,0.574811,False
full_policy_corpus,8,73410,1998,1905,489,489,50,0.772082,0.227918,0.428034,False
full_policy_corpus,9,575703,4135,2992,443,443,50,0.776304,0.223696,0.48515,False
full_policy_corpus,10,38447,1212,1148,386,386,50,0.746007,0.253993,0.40441,False
full_policy_corpus,11,152483,1631,1631,541,541,50,0.778461,0.221539,0.488378,False
full_policy_corpus,12,69156,1223,1115,349,349,50,0.756084,0.243916,0.540095,False
full_policy_corpus,13,130236,3394,3096,1334,1334,50,0.770284,0.229716,0.544293,False
full_policy_corpus,14,57543,1720,1296,423,423,50,0.864646,0.135354,0.610211,False
full_policy_corpus,15,74431,1810,1467,407,407,50,0.911118,0.088882,0.577252,False
full_policy_corpus,16,338664,5408,4775,1637,1637,50,0.731838,0.268162,0.489834,False
full_policy_corpus,17,14635,4543,3687,1435,1435,50,0.629081,0.370919,0.420806,False
curated_ai_sdg,1,18270,424,387,27,27,50,0.600367,0.399633,0.430502,False
curated_ai_sdg,2,78635,456,238,33,33,50,0.833916,0.166084,0.594287,False
curated_ai_sdg,3,807587,1151,649,48,48,50,0.724797,0.275203,0.480099,False
curated_ai_sdg,4,454803,288,288,47,47,50,0.889052,0.110948,0.549545,False
curated_ai_sdg,5,73507,319,277,37,37,50,0.781425,0.218575,0.553695,False
curated_ai_sdg,6,34114,140,140,19,19,50,0.750486,0.249514,0.641244,False
curated_ai_sdg,7,113520,564,366,36,36,50,0.71745,0.28255,0.56261,False
curated_ai_sdg,8,73410,422,329,45,45,50,0.574553,0.425447,0.452889,False
curated_ai_sdg,9,575703,3008,1865,83,83,50,0.694616,0.305384,0.596565,False
curated_ai_sdg,10,38447,350,286,35,35,50,0.547986,0.452014,0.457405,False
curated_ai_sdg,11,152483,167,167,32,32,50,0.750444,0.249556,0.526927,False
curated_ai_sdg,12,69156,280,172,27,27,50,0.604999,0.395001,0.509583,False
curated_ai_sdg,13,130236,907,609,46,46,50,0.746575,0.253425,0.549604,False
curated_ai_sdg,14,57543,650,226,29,29,50,0.797156,0.202844,0.604227,False
curated_ai_sdg,15,74431,634,291,29,29,50,0.847097,0.152903,0.597653,False
curated_ai_sdg,16,338664,1595,962,79,79,50,0.808547,0.191453,0.547564,False
curated_ai_sdg,17,14635,1768,912,68,68,50,0.562574,0.437426,0.473402,False
sdgi_vnr_vlr,1,18270,1210,1210,363,363,50,0.670807,0.329193,0.494513,False
sdgi_vnr_vlr,2,78635,1188,1188,305,305,50,0.894188,0.105812,0.584421,False
sdgi_vnr_vlr,3,807587,1712,1712,358,358,50,0.657271,0.342729,0.539823,False
sdgi_vnr_vlr,4,454803,1704,1704,379,379,50,0.811584,0.188416,0.593019,False
sdgi_vnr_vlr,5,73507,1523,1523,376,376,50,0.790619,0.209381,0.589471,False
sdgi_vnr_vlr,6,34114,1036,1036,283,283,50,0.866762,0.133238,0.592866,False
sdgi_vnr_vlr,7,113520,1138,1138,334,334,50,0.829348,0.170652,0.611106,False
sdgi_vnr_vlr,8,73410,1558,1558,426,426,50,0.766408,0.233592,0.450269,False
sdgi_vnr_vlr,9,575703,1100,1100,334,334,50,0.65057,0.34943,0.47966,False
sdgi_vnr_vlr,10,38447,797,797,289,289,50,0.71953,0.28047,0.449403,False
sdgi_vnr_vlr,11,152483,1454,1454,500,500,50,0.762604,0.237396,0.496022,False
sdgi_vnr_vlr,12,69156,937,937,316,316,50,0.740595,0.259405,0.577371,False
sdgi_vnr_vlr,13,130236,1276,1276,369,369,50,0.788464,0.211536,0.554664,False
sdgi_vnr_vlr,14,57543,859,859,223,223,50,0.835828,0.164172,0.638687,False
sdgi_vnr_vlr,15,74431,1097,1097,305,305,50,0.893006,0.106994,0.600543,False
sdgi_vnr_vlr,16,338664,1402,1402,356,356,50,0.703699,0.296301,0.493078,False
sdgi_vnr_vlr,17,14635,1355,1355,376,376,50,0.691882,0.308118,0.389745,False
ungdc_speeches,1,18270,164,164,152,152,50,0.541746,0.458254,0.551287,False
ungdc_speeches,2,78635,68,68,67,67,50,0.669462,0.330538,0.648492,False
ungdc_speeches,3,807587,63,63,60,60,50,0.522482,0.477518,0.590823,False
ungdc_speeches,4,454803,71,71,60,60,50,0.682688,0.317312,0.607357,False
ungdc_speeches,5,73507,205,205,186,186,50,0.61997,0.38003,0.635049,False
ungdc_speeches,6,34114,31,31,26,26,50,0.668543,0.331457,0.694524,False
ungdc_speeches,7,113520,68,68,61,61,50,0.674824,0.325176,0.625035,False
ungdc_speeches,8,73410,18,18,18,18,50,0.615697,0.384303,0.568608,False
ungdc_speeches,9,575703,27,27,26,26,50,0.703712,0.296288,0.567197,False
ungdc_speeches,10,38447,65,65,62,62,50,0.469993,0.530007,0.554492,False
ungdc_speeches,11,152483,10,10,9,9,50,0.679817,0.320183,0.594413,False
ungdc_speeches,12,69156,6,6,6,6,50,0.420843,0.579157,0.646081,True
ungdc_speeches,13,130236,1211,1211,919,919,50,0.623612,0.376388,0.648983,False
ungdc_speeches,14,57543,211,211,171,171,50,0.74117,0.25883,0.744135,False
ungdc_speeches,15,74431,79,79,73,73,50,0.695254,0.304746,0.654121,False
ungdc_speeches,16,338664,2411,2411,1202,1202,50,0.515744,0.484256,0.642856,False
ungdc_speeches,17,14635,1420,1420,991,991,50,0.450172,0.549828,0.575294,False
