rank,doc_id,corpus_type,assigned_sdg,projection_score,title,text_preview,source_doc_or_year
1,https://openalex.org/W3134161550,research,16,-0.264849,Review on Aluminum and Steel Semi-rigid Connections Behavior Design Model,"Review on Aluminum and Steel Semi-rigid Connections Behavior Design Model. Several research reports agree on the influence of joint rotational behavior on the stability of space frames. One must therefore consider it in space structures study. Joint rotational behavior is generally considered in space structures study by means of its moment-rotation behavior curve. Models such as analytical, empir",2021
2,https://openalex.org/W4404845190,research,7,-0.262894,A fast Time-domain identification of bushing dynamics,"A fast Time-domain identification of bushing dynamics. The identification of bushings dynamics is crucial for the development of innovative model-based digital tools, such as for example predictive maintenance or virtual sensing. Quite a few nonlinear modelling techniques have been proposed over the years, which can be suitably used to develop advanced models that capture the linear and nonlinear",2024
3,https://openalex.org/W4389228499,research,14,-0.260189,Research on the applicability of regularization methods in ship magnetic field modeling based on magnetic dipole arrays,"Research on the applicability of regularization methods in ship magnetic field modeling based on magnetic dipole arrays. Abstract In order to solve the problem of ship magnetic field modeling, a magnetic dipole array model was established, a modeling inversion equation system was constructed, and the degree of sickness of the solved equation system under different numbers of magnetic dipoles was q",2023
4,https://openalex.org/W2794955701,research,11,-0.256637,Time‐Varying Modal Parameters Identification by Subspace Tracking Algorithm and Its Validation Method,"Time‐Varying Modal Parameters Identification by Subspace Tracking Algorithm and Its Validation Method. This article presents a time‐varying modal parameter identification method based on the novel information criterion (NIC) algorithm and a post‐process method for time‐varying modal parameter estimation. In the practical application of the time‐varying modal parameter identification algorithm, the",2018
5,https://openalex.org/W4295214954,research,7,-0.252866,Loosening Identification of Multi-Bolt Connections Based on Wavelet Transform and ResNet-50 Convolutional Neural Network,"Loosening Identification of Multi-Bolt Connections Based on Wavelet Transform and ResNet-50 Convolutional Neural Network. A high-strength bolt connection is the key component of large-scale steel structures. Bolt loosening and preload loss during operation can reduce the load-carrying capacity, safety, and durability of the structures. In order to detect loosening damage in multi-bolt connections",2022
6,https://openalex.org/W7125515593,research,12,-0.250481,Machine Learning‐Based Sensitivity Analysis of Geometric and Material Variables of Beam‐to‐upright bolt‐less Connection,"Machine Learning‐Based Sensitivity Analysis of Geometric and Material Variables of Beam‐to‐upright bolt‐less Connection. Abstract Beam‐to‐upright semi‐rigid assemblies are widely recognized in the storage warehouse industry for their lightweight nature, ease of installation, and favourable strength‐to‐weight ratio. Extensive research has focused on experimental and numerical investigations to char",2025
7,https://openalex.org/W4400934128,research,7,-0.249287,Dynamic modelling and efficiency prediction for forging operations under a screw press,"Dynamic modelling and efficiency prediction for forging operations under a screw press. Abstract Accurate predictions concerning a forging process can be obtained by numerical simulation, but only with a thorough knowledge of the main process variables. The material flow behavior and the interface effects are already well studied in the literature, but not the machine behavior, although it is requ",2024
8,https://openalex.org/W4403472280,research,7,-0.246032,Accurate real-time modeling for multiple-blow forging,"Accurate real-time modeling for multiple-blow forging. Abstract Numerical simulations are crucial for predicting outcomes in forging processes but often neglect dynamic interactions within forming tools and presses. This study proposes an approach for achieving accurate real-time prediction of forging outcomes. Initially, a simulation-based surrogate model is developed to replicate key process cha",2024
9,https://openalex.org/W4412486946,research,13,-0.245783,Towards Data-Driven Aeroacoustic Modeling to Predict Propeller Installation Noise: A First-Principle Based Approach,"Towards Data-Driven Aeroacoustic Modeling to Predict Propeller Installation Noise: A First-Principle Based Approach. Prediction of propeller installation noise is a critical aspect of developing low-noise aircraft and advanced air mobility systems. A novel data-driven approach, grounded in first-principles aerodynamics and acoustic theory, has been developed to accurately predict tonal noise gener",2025
10,https://openalex.org/W4393160651,research,7,-0.245476,Buckling Defect Optimization of Constrained Ring Rolling of Thin-Walled Conical Rings with Inner High Ribs Combining Response Surface Method with FEM,Buckling Defect Optimization of Constrained Ring Rolling of Thin-Walled Conical Rings with Inner High Ribs Combining Response Surface Method with FEM. A buckling defect will appear on the outer surface of the deformed ring during the constrained ring rolling (CRR) of an aluminum alloy thin-wall conical ring with inner high ribs (AATWCRIHR) if the geometrical dimension of the ribs does not match th,2024
11,https://openalex.org/W4400147452,research,4,-0.244635,Static eddy current imaging for nondestructive testing of aeronautical structures,"Static eddy current imaging for nondestructive testing of aeronautical structures. Non-destructive testing (NDT) plays a crucial role in ensuring the safety and reliability of the structures used in aeronautics as it enables the detection of defects without damaging the parts examined. In the field of aeronautics, it is necessary to ensure the structural integrity of aircraft components. Vaulted h",2024
12,https://openalex.org/W7146052419,research,9,-0.240782,回転機械設備の状態監視・診断法に関する研究 -構造系異常振動のメカニズム解明と知的診断法-,"回転機械設備の状態監視・診断法に関する研究 -構造系異常振動のメカニズム解明と知的診断法-. In order to effectively detect and identify the structure faults of rotating machinery, especially the precise diagnosis of structure faults at low speeds, in this study, we first proposed two kinds of dynamic model for shaft misalignment of rotating machinery as an entry point, the models will be used for vibration analysis of shaft misalignment stat",2019
13,https://openalex.org/W4387449610,research,12,-0.240182,A Theory-Guided Machine Learning and Reduced-Order Finite Element Modeling Framework to Accelerate Process Simulation of Aerospace Composite Parts,"A Theory-Guided Machine Learning and Reduced-Order Finite Element Modeling Framework to Accelerate Process Simulation of Aerospace Composite Parts. Abstract Finite Element (FE) analysis is widely used for process simulation of advanced composites in aerospace applications. However, as the fidelity of FE models improves, the cost and time to calibrate, setup and perform simulations also increases s",2023
14,https://openalex.org/W4389448297,research,4,-0.239553,Longitudinal Parameter Estimation Using Wind Tunnel and Simulated Flight Data of Missile Configuration,Longitudinal Parameter Estimation Using Wind Tunnel and Simulated Flight Data of Missile Configuration. The present study makes an attempt to estimate aerodynamic parameters from a typical flight data of a short range missile. Exhaustive wind tunnel testing was conducted to generate longitudinal force and moment coefficients at low speed. Identification methods were applied on the selected wind tu,2023
15,https://openalex.org/W3122026157,research,7,-0.238653,Recovery of Differential Equations from Impulse Response Time Series Data for Model Identification and Feature Extraction,Recovery of Differential Equations from Impulse Response Time Series Data for Model Identification and Feature Extraction. Time recordings of impulse-type oscillation responses are short and highly transient. These characteristics may complicate the usage of classical spectral signal processing techniques for a) describing the dynamics and b) deriving discriminative features from the data. However,2018
16,https://openalex.org/W4395072860,research,14,-0.238136,Analysis of Flight Loads during Symmetric Aircraft Maneuvers Based on the Gradient-Enhanced Kriging Model,"Analysis of Flight Loads during Symmetric Aircraft Maneuvers Based on the Gradient-Enhanced Kriging Model. The analysis of flight loads during symmetric aircraft maneuvers is an essential but computationally intensive task in aircraft design. The significant structural elastic deformation in modern aircraft further complicates this work, adding to the computational demands. Therefore, improving th",2024
17,https://openalex.org/W7124899810,research,7,-0.237813,Multi-case prediction and uncertainty quantification of bolt preload based on ARD-Gaussian process regression,"Multi-case prediction and uncertainty quantification of bolt preload based on ARD-Gaussian process regression. Traditional bolt preload monitoring methods (e.g., the torque method) have an error of more than 10% due to friction coefficient fluctuations and material nonlinearities, and existing data-driven models (e.g., neural networks) can hardly quantify the uncertainty. Although Gaussian process",2025
18,https://openalex.org/W2905224782,research,7,-0.237686,Recovery of Differential Equations from Impulse Response Time Series Data for Model Identification and Feature Extraction,Recovery of Differential Equations from Impulse Response Time Series Data for Model Identification and Feature Extraction. Time recordings of impulse-type oscillation responses are short and highly transient. These characteristics may complicate the usage of classical spectral signal processing techniques for (a) describing the dynamics and (b) deriving discriminative features from the data. Howev,2019
19,https://openalex.org/W3044765352,research,16,-0.237552,The Hollywood Indian Stereotype: The Cinematic Othering and Assimilation of Native Americans at the Turn of the 20th Century,"The Hollywood Indian Stereotype: The Cinematic Othering and Assimilation of Native Americans at the Turn of the 20th Century. This paper intends to demonstrate that the misrepresentation of Native Americans in cinema furthers the logic of differentiation at play in popular culture, focalizing on an irreconcilable enemy image upon which the American self is constructed. The Indian looking glass mag",2020
20,https://openalex.org/W4410156557,research,14,-0.236594,Experimental Evaluation on Acoustic Emission Wave Propagation of Laminated Composites with Cutouts Using Auto Sensor Testing,"Experimental Evaluation on Acoustic Emission Wave Propagation of Laminated Composites with Cutouts Using Auto Sensor Testing. Abstract This study investigates Acoustic Emission (AE) wave propagation in large cantilever composite panels using experimental and numerical analysis. Five distinct case studies, considering two distinct scenarios-panels with and without cutouts-were investigated under va",2025
21,https://openalex.org/W3198766720,research,17,-0.236489,DAMAGE IDENTIFICATION OF BOLT CONNECTIONS BASED ON WAVELET TIME-FREQUENCY DIAGRAMS AND LIGHTWEIGHT CONVOLUTIONAL NEURAL NETWORKS,"DAMAGE IDENTIFICATION OF BOLT CONNECTIONS BASED ON WAVELET TIME-FREQUENCY DIAGRAMS AND LIGHTWEIGHT CONVOLUTIONAL NEURAL NETWORKS. In view of the difficulty of monitoring the states of bolt connections of large-scale structures, proposed a method for bolt looseness recognition by sound signals, which takes the advantages of the wavelet time-frequency analysis and the powerful image classification a",2021
22,https://openalex.org/W2980474709,research,12,-0.236391,Uncertainty Quantification of the Dimensional Variations of a Curved Composite Flange,"Uncertainty Quantification of the Dimensional Variations of a Curved Composite Flange. Composite manufacturing involves a large number of materials data and process parameters, inevitably resulting in performance variations of final parts. To maintain and improve product quality, characterizing the stochastic performance of composite manufacturing processes and thus identifying the key uncertainty",2019
23,https://openalex.org/W4392767330,research,7,-0.236375,Buckling Defect Optimization of Constrained Ring Rolling of Thin-Walled Conical Rings with Inner High Ribs Combining Response Surface Method with FEM,"Buckling Defect Optimization of Constrained Ring Rolling of Thin-Walled Conical Rings with Inner High Ribs Combining Response Surface Method with FEM. Buckling defect will appear on the outer surface of the deformed ring during constrained ring rolling (CRR) of aluminum alloy thin wall conical ring with inner high ribs (AATWCRIHR), if the geometrical dimension of the ribs doesn&amp;#039;t match th",2024
24,https://openalex.org/W4391971596,research,2,-0.236057,Thermal Characteristics of Spindle System Based on the Comprehensive Effect of Multiple Nonlinear Time-Varying Factors,"Thermal Characteristics of Spindle System Based on the Comprehensive Effect of Multiple Nonlinear Time-Varying Factors. The thermal characteristics of the spindle system for CNC machine tools are influenced by multiple factors which are nonlinear and time-varying. In this paper, a nonlinear time-varying thermal characteristics solving model for the spindle system was established based on the numer",2024
25,https://openalex.org/W4392127892,research,14,-0.235278,Effective Data-driven Method Based on Bayesian Approach for Performance Estimation of Wound-field Motors,"Effective Data-driven Method Based on Bayesian Approach for Performance Estimation of Wound-field Motors. This study proposes a novel data-driven method based on Bayesian approach. A d/q axis flux map and the non-linear torque characteristics of wound-field motors were estimated using a single layer neural network to reduce the number of finite element analysis and load tests. Moreover, to improve",2024
26,https://openalex.org/W4404552042,research,16,-0.234632,Identification of Nonlinearity in Bolted Beam using ResponseControlled Testing and ForceControlled Testing,"Identification of Nonlinearity in Bolted Beam using ResponseControlled Testing and ForceControlled Testing. Nonlinear phenomena such as super-and sub-harmonics and unstable branches in frequency response functions (FRFs) often occur in slender structures, which are common in the aerospace, civil and wind power domains. The widely used methods of linear modal analysis are invalid for the identifica",2024
27,https://openalex.org/W4323309960,research,2,-0.234307,HIGH PRECISION IDENTIFICATION METHOD OF MASS AND STIFFNESS MATRIX FOR SHEAR-TYPE FRAME TEST MODEL,"HIGH PRECISION IDENTIFICATION METHOD OF MASS AND STIFFNESS MATRIX FOR SHEAR-TYPE FRAME TEST MODEL. In the direct method of identifying the physical parameters of the shear-type frame structures through the frequencies and modes from the experimental modal analysis (EMA), the accuracy of the lumped mass depends on the initial mass, while the identified mass matrix and stiffness matrix are prone to",2023
28,https://openalex.org/W3126615636,research,14,-0.233703,Machine Learning Based Preprocessing to Ensure Validity of Cross-Correlated Ultrasound Signals for Time-of-Flight Measurements,"Machine Learning Based Preprocessing to Ensure Validity of Cross-Correlated Ultrasound Signals for Time-of-Flight Measurements. Abstract High precision ultrasonic time-of-flight measurement is a well known part of non-destructive evaluation used in many scientific and industrial applications, for example stress evaluation or defect detection. Although ultrasonic time-of-flight measurements are wid",2021
29,https://openalex.org/W4400996301,research,2,-0.232784,Research on Stock Price Prediction Model based on Clustering-Sliced LDA and Gaussian Process Regression,"Research on Stock Price Prediction Model based on Clustering-Sliced LDA and Gaussian Process Regression. Multi-factor prediction techniques based on machine learning models are crucial methods in the field of financial quantification. However, these methods often encounter challenges such as curse of dimensionality and unknown structural connections. To address these issues, this paper proposes an",2024
30,https://openalex.org/W3006039723,research,16,-0.231929,Data-driven Approach for the Development of a Finite Element Model for Composite Thin-walled Beam,"Data-driven Approach for the Development of a Finite Element Model for Composite Thin-walled Beam. To analyze the behavior of the thin-walled beams using one-dimensional beam finite elements, considering complex cross-sectional deformations happening on the beam section is important.When it comes to composite thin-walled beams, the accurate definition of shape functions that describe local cross-s",2019
31,https://openalex.org/W4410481586,research,14,-0.231799,"Compressed Sensing of Vibration Signal for Fault Diagnosis of Bearings, Gears, and Propellers Under Speed Variation Conditions","Compressed Sensing of Vibration Signal for Fault Diagnosis of Bearings, Gears, and Propellers Under Speed Variation Conditions. In the fields of fault diagnosis and structural health monitoring using sound and vibration, there is increasing interest in data compression techniques based on Compressed Sensing (CS). However, conventional CS approaches that use standard bases such as Fourier or wavele",2025
32,https://openalex.org/W4327506202,research,7,-0.231688,A method for reconstructing models of heat and mass transfer from the spatio-temporal distribution of parameters,"A method for reconstructing models of heat and mass transfer from the spatio-temporal distribution of parameters. An algorithm of the generative design method for reconstruction of heat transfer models from the available data is proposed. The method is applied to generate a partial differential equation describing the process of heating and evaporation of a metal, the surface of which is heated by",2022
33,https://openalex.org/W4221022185,research,12,-0.23166,A new multi-fidelity surrogate modelling method for engineering design based on neural network and transfer learning,"A new multi-fidelity surrogate modelling method for engineering design based on neural network and transfer learning. Purpose Compared with the low-fidelity model, the high-fidelity model has both the advantage of high accuracy, and the disadvantage of low efficiency and high cost. A series of multi-fidelity surrogate modelling method were developed to give full play to the respective advantages o",2022
34,https://openalex.org/W3117842935,research,7,-0.231356,A Machine Learning Based Hybrid Nonlinear Character Monitoring Approach For Compressor Blades Fault Diagnosis Using Blade Tip Timing Measurement,"A Machine Learning Based Hybrid Nonlinear Character Monitoring Approach For Compressor Blades Fault Diagnosis Using Blade Tip Timing Measurement. Compressor blades which are exposed to harsh working conditions in turbine engines will suffer from varying damage and complex faults inevitably. Thus, monitoring the blade dynamic condition instantaneously and effectively is essential for detecting init",2020
35,https://openalex.org/W7147307155,research,7,-0.231318,Experimental and Machine Learning-Enhanced Analysis of Vibration-Damping Cantilever Beams Based on Finite Element Simulation,"Experimental and Machine Learning-Enhanced Analysis of Vibration-Damping Cantilever Beams Based on Finite Element Simulation. With the growing demand for precise vibration control in modern engineering structures, cantilever beams enhanced by slot-hole geometry and damping materials have emerged as effective passive vibration mitigation solutions. However, the quantitative influence of slot parame",2025
36,https://openalex.org/W4385211967,research,7,-0.231296,Machine Learning-Aided Nonlinear Dynamic Analysis of Engineering Structures,"Machine Learning-Aided Nonlinear Dynamic Analysis of Engineering Structures. Abstract A machine learning (ML) technique was used to assist in the dynamic analysis of mixed geometric and material nonlinearities of real-life engineering structures. Various types of inputs of system properties were considered in the 3D dynamic geometric elastoplastic analysis, giving a series of realistic nonlinear d",2023
37,https://openalex.org/W4376643972,research,7,-0.231112,Sparse identification of Lagrangian for nonlinear dynamical systems via proximal gradient method,"Sparse identification of Lagrangian for nonlinear dynamical systems via proximal gradient method. The autonomous distillation of physical laws only from data is of great interest in many scientific fields. Data-driven modeling frameworks that adopt sparse regression techniques, such as sparse identification of nonlinear dynamics (SINDy) and its modifications, are developed to resolve difficulties",2023
38,https://openalex.org/W2906270673,research,14,-0.231109,Intelligent Diagnosis method for Multi-flaws of Roller Bearing by Time-Frequency Waveform Distribution and Extreme Learning Machine,Intelligent Diagnosis method for Multi-flaws of Roller Bearing by Time-Frequency Waveform Distribution and Extreme Learning Machine. This paper proposed a method for intelligent condition diagnosis of rotating machinery using the time-frequency waveform distribution (TFWD) and extreme learning machine (ELM). The precisely diagnosing method of single flaw and multi-flaws in a roller bearing are pro,2018
39,https://openalex.org/W7108073982,research,8,-0.231045,Prediction method of residual stress and deformation in belt grinding of thin-walled ring workpieces,"Prediction method of residual stress and deformation in belt grinding of thin-walled ring workpieces. Thin-walled ring workpieces have been widely used in many fields because of their light weight and compactness. However, due to the characteristics of poor rigidity and low strength, residual stress is inevitably generated during machining processes, which is prone to deformation. In this paper, a",2025
40,https://openalex.org/W7112591264,research,12,-0.230845,Numerical study of the imperial front wing considering ground effects,"Numerical study of the imperial front wing considering ground effects. This work presents a study on the application of Machine Learning (ML) strategies for the analysis and prediction of the mechanical behaviour of composite materials in aerospace engineering. These materials, due to their high strength-to-weight ratio and anisotropic properties, are widely used in aircraft structures. However, t",2025
41,https://openalex.org/W4387631054,research,7,-0.230658,Sparse Bayesian machine learning for the interpretable identification of nonlinear structural dynamics: Towards the experimental data-driven discovery of a quasi zero stiffness device,Sparse Bayesian machine learning for the interpretable identification of nonlinear structural dynamics: Towards the experimental data-driven discovery of a quasi zero stiffness device. Data-driven discovery of governing laws for complex nonlinear structural dynamic systems remains a challenging issue of paramount importance. This work addresses the above issue by leveraging the available noisy dat,2023
42,https://openalex.org/W4384651933,research,6,-0.230418,Comparative assessment for pressure field reconstruction based on physics-informed neural network,"Comparative assessment for pressure field reconstruction based on physics-informed neural network. In this paper, a physics-informed neural network (PINN) is used to determine pressure fields from the experimentally measured velocity data. As a novel method of data assimilation, PINN can simultaneously optimize velocity and solve pressure by embedding the Navier-Stokes equations into the loss func",2023
43,https://openalex.org/W3166836154,research,16,-0.230402,"Comparative analysis of methods to determine deflection in steel beams: theoretical analysis, finite element and experimental","Comparative analysis of methods to determine deflection in steel beams: theoretical analysis, finite element and experimental. This work makes a comparative study of two methods to determine deflection in steel beams: (a) Theoretical and (b) Finite element. For method (a) the solution of the differential equation associated with the modeling of the deflection of a beam is found, while for method (",2020
44,https://openalex.org/W4403602523,research,12,-0.230062,"Application of Linear Mixed-Effects Model, Principal Component Analysis, and Clustering to Direct Energy Deposition Fabricated Parts Using FEM Simulation Data","Application of Linear Mixed-Effects Model, Principal Component Analysis, and Clustering to Direct Energy Deposition Fabricated Parts Using FEM Simulation Data. The purpose of this study is to investigate the effects of toolpath patterns, geometry types, and layering effects on the mechanical properties of parts manufactured by direct energy deposition (DED) additive manufacturing using data analys",2024
45,https://openalex.org/W3101049663,research,1,-0.229503,Damage Identification and Quantification in Beams Using Wigner-Ville Distribution,"Damage Identification and Quantification in Beams Using Wigner-Ville Distribution. The paper presents the novel method of damage identification and quantification in beams using the Wigner-Ville distribution (WVD). The presented non-parametric method is characterized by high sensitivity to a local stiffness decrease due to the presence of damage, comparable with the sensitivity of the wavelet-base",2020
46,https://openalex.org/W4362458493,research,17,-0.229287,Refining the time-frequency characteristic of non-stationary signal for improving time-frequency representation under variable speeds,"Refining the time-frequency characteristic of non-stationary signal for improving time-frequency representation under variable speeds. Time-frequency ridge not only exhibits the variable process of non-stationary signal with time changing but also provides the information of signal synchronous or non-synchronous components for subsequent detection research. Consequently, the key is to decrease the",2023
47,https://openalex.org/W4413216101,research,7,-0.228956,Comparison of Real-Time Multivariate Dynamic Modeling Methods of Gas Turbine,"Comparison of Real-Time Multivariate Dynamic Modeling Methods of Gas Turbine. Abstract This paper presents methods for generating multivariate real-time models of jet engines in real-time by system identification method from experimental data. In this paper, multivariate real-time models of the engine have been built based on two main methods: transfer function and artificial neural network. The o",2025
48,https://openalex.org/W3173724856,research,14,-0.228789,Fault Diagnosis of Motor Bearings Based on a Convolutional Long Short-Term Memory Network of Bayesian Optimization,"Fault Diagnosis of Motor Bearings Based on a Convolutional Long Short-Term Memory Network of Bayesian Optimization. As the main driving equipment of modern industrial production activities, if a motor fails, it causes serious consequences. Bearings are the component with the highest motor failure frequency. It is of practical engineering significance to establish a high-precision algorithm diagnos",2021
49,https://openalex.org/W3130755177,research,12,-0.228654,On the Application of the Particle Swarm Optimization to the Inverse Determination of Material Model Parameters for Cutting Simulations,"On the Application of the Particle Swarm Optimization to the Inverse Determination of Material Model Parameters for Cutting Simulations. The manufacturing industry is confronted with increasing demands for digitalization. To realize a digital twin of the cutting process, an increase of the model reliability of the virtual representation becomes necessary. Thereby, different models are required to",2021
50,https://openalex.org/W4407851788,research,4,-0.228647,Irregular Micromotion Period Measurement: Reentry Boosters as a Case Study,Irregular Micromotion Period Measurement: Reentry Boosters as a Case Study. This work introduces the concept of irregular micromotion for the first time and proposes the first effective irregular micro-Doppler (m-D) period measurement using short-time similarity statistics and a Transformer-based neural network. The m-D period is one of the most important m-D features because it not only quantitat,2025
51,https://openalex.org/W4412164464,research,7,-0.228158,A Study of Reducing Analysis Time on Minimizing Detent Torque in Linear Motors Using Surrogate Model,"A Study of Reducing Analysis Time on Minimizing Detent Torque in Linear Motors Using Surrogate Model. The detent torque of a linear motor is an irregular torque fluctuation caused by the interaction between the magnets and the core, which can degrade the performance and efficiency of the system. This study presents a method that utilizes a neural network-based surrogate model to minimize the deten",2025
52,https://openalex.org/W4403211093,research,7,-0.228034,Machine Learning-Based VHF Lightning Radiation Sources Identification,"Machine Learning-Based VHF Lightning Radiation Sources Identification. Identifying the validity of the location result is an important step in lightning radiation source mapping, which can eliminate the interference of noise location results, retain the real radiation source, and obtain a clear and continuous lightning channel development map. The localization methods, such as electromagnetic time",2024
53,https://openalex.org/W4210696952,research,12,-0.227582,Modeling of Industrial Robot Kinematics Using a Hybrid Analytical and Statistical Approach,"Modeling of Industrial Robot Kinematics Using a Hybrid Analytical and Statistical Approach. Abstract Industrial robots are highly desirable in applications including manufacturing and surgery. However, errors in the modeling of the kinematics of robotic arms limit their positional accuracy in industrial applications. Specifically, analytical kinematic models of the robot arm suffer from errors in",2022
54,https://openalex.org/W4404758232,research,7,-0.227015,A Receiver Position Estimation Method Based on LSTM for Multi-Transmitter Single-Receiver Wireless Power Transfer Systems,A Receiver Position Estimation Method Based on LSTM for Multi-Transmitter Single-Receiver Wireless Power Transfer Systems. The multi-transmitter single-receiver wireless power transfer (MTSR-WPT) system has good tolerance for coil misalignment because the magnetic fields generated by multiple transmitters can be shaped to adapt to position changes in the receiver coil. In order to achieve magnetic,2024
55,https://openalex.org/W7111792724,research,12,-0.226844,Study of machine learning strategies for composite materials in aerospace engineering,"Study of machine learning strategies for composite materials in aerospace engineering. This work presents a study on the application of Machine Learning (ML) strategies for the analysis and prediction of the mechanical behaviour of composite materials in aerospace engineering. These materials, due to their high strength-to-weight ratio and anisotropic properties, are widely used in aircraft struct",2025
56,https://openalex.org/W3116269218,research,13,-0.226839,Model Order Reduction and Data-Driven Computational Modeling for Linear and Nonlinear Solids,"Model Order Reduction and Data-Driven Computational Modeling for Linear and Nonlinear Solids. Physics-based numerical simulation remains challenging as the complexity of todayâs high-fidelity models has dramatically increased. Model order reduction (MOR) and data-driven modeling, based on the emerging techniques of data learning and physical modeling, present a promising way to tackle the computat",2018
57,https://openalex.org/W4282915453,research,7,-0.226546,Difference of Convex Functions Programming With Machine-Learning Prior for the Imaging Problem in Electrical Capacitance Tomography,Difference of Convex Functions Programming With Machine-Learning Prior for the Imaging Problem in Electrical Capacitance Tomography. The electrical capacitance tomography technology has potential benefits for the process industry by providing visualization of material distributions. One of the main technical gaps and impediments that must be overcome is the low-quality tomogram. To address this pr,2022
58,https://openalex.org/W2556930732,research,1,-0.226216,Constrained sparse Galerkin regression,"Constrained sparse Galerkin regression. The sparse identification of nonlinear dynamics (SINDy) is a recently proposed data-driven modelling framework that uses sparse regression techniques to identify nonlinear low-order models. With the goal of low-order models of a fluid flow, we combine this approach with dimensionality reduction techniques (e.g. proper orthogonal decomposition) and extend it",2018
59,https://openalex.org/W4384341102,research,7,-0.226073,Soft Sensor Modeling for 3D Transient Temperature Field of Large-Scale Aluminum Alloy Workpieces Based on Multi-Loss Consistency Optimization PINN,Soft Sensor Modeling for 3D Transient Temperature Field of Large-Scale Aluminum Alloy Workpieces Based on Multi-Loss Consistency Optimization PINN. Uniform temperature distribution during quenching thermal treatment is crucial for achieving exceptional mechanical and physical properties of alloy materials. Accurate and rapid prediction of the 3D transient temperature field model of large-scale alu,2023
60,https://openalex.org/W4400943932,research,12,-0.225848,Inference of Constitutive Relation of Phase‐Separated Polymers by Integrating Physics‐Informed Neural Networks and Symbolic Regression,Inference of Constitutive Relation of Phase‐Separated Polymers by Integrating Physics‐Informed Neural Networks and Symbolic Regression. Abstract Harnessing data to discover the underlying constitutive relation of phase‐separated polymers can significantly advance the fabrication of high‐performance materials. This work introduces a novel data‐driven method to learn the constitutive equation of dif,2024
61,https://openalex.org/W4379472358,research,7,-0.225617,A Nonlinear Free Vibration Analysis of Functionally Graded Beams Using a Mixed Finite Element Method and a Comparative Artificial Neural Network,"A Nonlinear Free Vibration Analysis of Functionally Graded Beams Using a Mixed Finite Element Method and a Comparative Artificial Neural Network. Based on the Hamilton principle combined with the Timoshenko beam theory, the authors developed a mixed finite element (FE) method for the nonlinear free vibration analysis of functionally graded (FG) beams under combinations of simply supported, free, a",2023
62,https://openalex.org/W2990256761,research,12,-0.225574,Data-Driven Methods for Diagnostics of Rolling Element Bearings,Data-Driven Methods for Diagnostics of Rolling Element Bearings. This thesis focuses on the research and development of the data-driven methods used to diagnose rolling element bearings (REBs) and evaluates the software architectural design of these data-driven methods. REBs are vulnerable components in machinery. Vibration-based condition monitoring is a very popular methodology for monitoring th,2019
63,https://openalex.org/W4319869887,research,1,-0.225273,Orthogonal Wavelet Transform-Based Gaussian Mixture Model for Bearing Fault Diagnosis,"Orthogonal Wavelet Transform-Based Gaussian Mixture Model for Bearing Fault Diagnosis. The Gaussian mixture model (GMM) is an unsupervised clustering machine learning algorithm. This procedure involves the combination of multiple probability distributions to describe different sample spaces. Principally, the probability density function (PDF) plays a paramount role by being transformed into local",2023
64,https://openalex.org/W4386121302,research,7,-0.225217,Diagnostics of Bolted Joints in Vibrating Screens Based on a Multi-Body Dynamical Model,"Diagnostics of Bolted Joints in Vibrating Screens Based on a Multi-Body Dynamical Model. The condition-based maintenance of vibrating screens requires new methods of their elements' diagnostics due to severe disturbances in measured signals from vibrators and falling pieces of material. The bolted joints of the sieving deck, when failed, require a lot of time and workforce for repair. In this rese",2023
65,https://openalex.org/W4403240731,research,9,-0.22513,Application of Machine Learning Methods to Analyze the Dependence of Vibration Acceleration Signals on the Tightening Forces of Bolted Connections,Application of Machine Learning Methods to Analyze the Dependence of Vibration Acceleration Signals on the Tightening Forces of Bolted Connections. The article is devoted to the application of machine learning methods for the analysis of vibration acceleration signals in bolted joints that occur under impact. The relevance of the work is due to the need to ensure the reliability and operability of,2024
66,https://openalex.org/W4400610135,research,12,-0.225102,Parametric analysis on explosion resistance of composite with finite element and artificial neural network,"Parametric analysis on explosion resistance of composite with finite element and artificial neural network. To analyze the factors influencing the explosion resistance of composite laminates subjected to explosive blasts in air, a finite element analysis (FEA) model was utilized. The out-of-plane displacement of composite laminates under far-field airborne explosions could be accurately simulated",2024
67,https://openalex.org/W3213393577,research,16,-0.225067,Nonlinear Model Updating in Structural Dynamics,"Nonlinear Model Updating in Structural Dynamics. Identification of nonlinear structural dynamics has received a significant attention during last decades. Yet, there are many aspects of the identification methods of nonlinear structural models to be improved. The main objective of this study is to introduce novel identification approaches for nonlinear structures. The first step in identifying non",2021
68,https://openalex.org/W4380442219,research,7,-0.22488,A temporal-spatiotemporal domain transformation-based modeling method for nonlinear distributed parameter systems,A temporal-spatiotemporal domain transformation-based modeling method for nonlinear distributed parameter systems. Abstract Complex nonlinear distributed parameter systems (DPSs) exist widely in advanced industrial thermal processes. The modeling of such highly nonlinear systems is a challenge for traditional time/space-separation-based methods since they employ linear methods for the model reduct,2023
69,https://openalex.org/W3196925403,research,7,-0.224783,Study on Characteristics of the Vibration and Noise of High‐Power Scroll Compressor,"Study on Characteristics of the Vibration and Noise of High‐Power Scroll Compressor. With the rapid development of a high‐power scroll compressor (HSC), the dynamic performance of a scroll compressor has an important impact on the vibration and noise of the whole compressor. So, the dynamic characteristics and structural acoustic radiation characteristics of HSC under dynamic excitation are studie",2021
70,https://openalex.org/W4412485613,research,4,-0.224728,Digital-Twin of a Quadrotor Biplane Tailsitter UAV,Digital-Twin of a Quadrotor Biplane Tailsitter UAV. This paper presents the development and validation of a Digital Twin of a Quadrotor Biplane Tailsitter (QBiT) UAV to accurately capture the vehicle dynamics across multiple flight regimes. The Digital Twin integrates a baseline physics-based model with a neural network trained to predict the residual dynamics not captured by the physics model. Th,2025
71,https://openalex.org/W4400147325,research,14,-0.224663,Guided wave based SHM for loosening detection in bolted lap joints with the application of Neural Networks,"Guided wave based SHM for loosening detection in bolted lap joints with the application of Neural Networks. Bolted and riveted connections are a mainstay in many aerospace, mechanical, and civil engineering applications. Early detection of bolt loosening is essential for ensuring structural integrity and preventing catastrophic failures. Guided wave-based structural health monitoring (SHM) systems",2024
72,https://openalex.org/W4399068570,research,12,-0.224596,Dynamic simulation-assisted Gaussian mixture alignment approach for fault diagnosis of rotation machinery under small samples,"Dynamic simulation-assisted Gaussian mixture alignment approach for fault diagnosis of rotation machinery under small samples. Abstract Obtaining a substantial number of actual samples for rotating machinery in an industrial setting can be challenging, particularly when faulty samples are acquired under hazardous working conditions. The issue of insufficient samples hinders the effective training",2024
73,https://openalex.org/W4376606316,research,13,-0.22427,Methodology Development of a Free-Flight Parameter Estimation Technique Using Physics-Informed Neural Networks,"Methodology Development of a Free-Flight Parameter Estimation Technique Using Physics-Informed Neural Networks. Unstable free-flight rigid body motion, consisting of 3D translational motion and large angular rates about all axes and orientations outside of typical flight envelopes, is a complex dynamical system with significant challenges in modeling and simulation. Current methods in predicting t",2023
74,https://openalex.org/W4392303356,research,12,-0.224204,Hybrid modeling with finite element-analysis-neural network for predicting residual stress in orthogonal cutting of H13,Hybrid modeling with finite element-analysis-neural network for predicting residual stress in orthogonal cutting of H13. Residual stress is an important surface integrity index to evaluate the crack initiation and failure of die surface. The efficient prediction of cutting residual stress can guide the high-quality machining of die and improve its service life. The existing cutting residual stress,2024
75,https://openalex.org/W7117359913,research,12,-0.223924,Numerical simulation and machine learning framework approach for ballistic performance evaluation of aluminium structures,"Numerical simulation and machine learning framework approach for ballistic performance evaluation of aluminium structures. • A comprehensive finite element analysis of high-velocity impacts on aluminum plates was conducted for blunt, hemispherical, and ogival projectile geometries. • Distinct fracture mechanisms-adiabatic shear plugging, petaling, and ductile hole enlargement were identified based",2025
76,https://openalex.org/W4390869999,research,14,-0.223918,Projectile shape optimization using neural network surrogates learnt via exploitation and exploration,Projectile shape optimization using neural network surrogates learnt via exploitation and exploration. Aerodynamic design of projectiles is crucial to ensure that projectiles have the best performance during their flight. Performing aerodynamic design boils down to determining the optimal values of certain design variables of the projectile as the solution of a nonlinear optimization problem invol,2023
77,https://openalex.org/W4384575251,research,7,-0.22384,Sparse broadband beamformer design via proximal optimization Techniques,"Sparse broadband beamformer design via proximal optimization Techniques. Beamforming is one of the most important techniques to enhance the quality of signal in array sensor signal processing, and the performance of a beamformer is usually related to the design of array configuration and beamformer weight.Recently, it was realized that the sparsity of the filter coefficients can reduce the cost of",2023
78,https://openalex.org/W4392047392,research,12,-0.223741,Process Damping Identification Using Bayesian Learning and Time Domain Simulation,"Process Damping Identification Using Bayesian Learning and Time Domain Simulation. Abstract Process damping can provide improved machining productivity by increasing the stability limit at low spindle speeds. While the phenomenon is well known, experimental identification of process damping model parameters can limit pre-process parameter selection that leverages the potential increases in materia",2024
79,https://openalex.org/W4409061442,research,2,-0.223558,Research on Financial Trend Prediction Technology Using LSTM,"Research on Financial Trend Prediction Technology Using LSTM. Aiming at the problems of low price prediction accuracy and difficult model optimization caused by the complex nonlinear dynamics of the stock market, this paper proposes a Bayesian optimization-based Long Short-Term Memory neural network (LSTM) stock price time series prediction method. In this paper, the historical stock prices of She",2024
80,https://openalex.org/W4399729177,research,14,-0.223458,Method and Algorithm of Enrichment of High-Frequency Multidimensional Signals on the Example of Diagnosing the Technical Condition of Centrifugal Pump and Rolling Bearings,"Method and Algorithm of Enrichment of High-Frequency Multidimensional Signals on the Example of Diagnosing the Technical Condition of Centrifugal Pump and Rolling Bearings. This paper is devoted to methods and algorithms of enriching high-frequency multidimensional signals, which are a key aspect of data analysis in the field of equipment condition diagnostics, where high sensitivity to changes in",2024
81,https://openalex.org/W3161400311,research,16,-0.22336,Detection of Bolt Looseness Based on Average Autocorrelation Function,"Detection of Bolt Looseness Based on Average Autocorrelation Function. Bolted connections are widely used in multiple engineering fields including aerospace and mechanical engineering due to their numerous advantages like the ability to bear relatively heavy loads, low costs, easy installation, and implementation. Bolt looseness may lead to costly disasters in industries and some cases of injuries",2021
82,https://openalex.org/W4392437063,research,7,-0.223294,Comparison of different supervised learning algorithms for position analysis of the slider-crank mechanism,"Comparison of different supervised learning algorithms for position analysis of the slider-crank mechanism. Slider-crank mechanisms have a wide range of applications in machine design, primarily for converting rotary motion into reciprocating motion, as seen in internal combustion engines, pumps, compressors, and human-powered vehicles. Due to their widespread usage, analytical and graphical solut",2024
83,https://openalex.org/W4405236458,research,7,-0.22324,Data Augmentation and Deep Learning Methods for Pressure Prediction in Ignition Process of Solid Rocket Motors,"Data Augmentation and Deep Learning Methods for Pressure Prediction in Ignition Process of Solid Rocket Motors. During the ignition process of a solid rocket motor, the pressure changes dramatically and the ignition process is very complex as it includes multiple reactions. Successful completion of the ignition process is essential for the proper operation of solid rocket motors. However, the meas",2024
84,https://openalex.org/W3188854509,research,7,-0.223192,Mathematical Validation of Experimentally Optimised Parameters Used in a Vibration-Based Machine-Learning Model for Fault Diagnosis in Rotating Machines,Mathematical Validation of Experimentally Optimised Parameters Used in a Vibration-Based Machine-Learning Model for Fault Diagnosis in Rotating Machines. Mathematical models have been widely used in the study of rotating machines. Their application in dynamics has eased further research since they can avoid time-consuming and exorbitant experimental processes to simulate different faults. The earl,2021
85,https://openalex.org/W4404601911,research,7,-0.223111,Free vibration optimization of 2D tri-axial braided composite fan blade with ANN-Anal-FEM-GA integrated model,"Free vibration optimization of 2D tri-axial braided composite fan blade with ANN-Anal-FEM-GA integrated model. This research aimed to increase the natural frequencies of a non-rotating 2D tri-axial braided composite (2DTBC) fan blade. The investigation utilized a multidisciplinary approach, integrating Artificial Neural Network (ANN) modeling, analytical method, Finite Element (FE) analysis, optim",2024
86,https://openalex.org/W4379054568,research,12,-0.222849,Transfer Learning-Based Coupling of Smoothed Finite Element Method and Physics-Informed Neural Network for Solving Elastoplastic Inverse Problems,"Transfer Learning-Based Coupling of Smoothed Finite Element Method and Physics-Informed Neural Network for Solving Elastoplastic Inverse Problems. In practical engineering applications, there is a high demand for inverting parameters for various materials, and obtaining monitoring data can be costly. Traditional inverse methods often involve tedious computational processes, require significant com",2023
87,https://openalex.org/W4390100789,research,12,-0.222758,Combining Process Modeling and Machine Learning Technology to Predict the Warpage of the Panel-Level Packaging After Debonding,"Combining Process Modeling and Machine Learning Technology to Predict the Warpage of the Panel-Level Packaging After Debonding. Fan-Out Panel-Level Packaging (FO-PLP) has emerged as a high-usage efficiency and cost-effective solution for advanced packaging. However, the challenge of excessive warpage significantly impacts its yield and reliability. To address this issue, this study focuses on anal",2023
88,https://openalex.org/W4401669359,research,7,-0.222745,Data-driven computational mechanics: comparison of model-free and model-based methods in constitutive modeling,"Data-driven computational mechanics: comparison of model-free and model-based methods in constitutive modeling. Abstract In computational homogenization approaches, data-driven methods entail advantages due to their ability to capture complex behavior without assuming a specific material model. Within this domain, constitutive model-based and model-free data-driven methods are distinguished. The f",2024
89,https://openalex.org/W4224587830,research,13,-0.222428,[Retracted] Forecasting Method of Stock Market Volatility Based on Multidimensional Data Fusion,"[Retracted] Forecasting Method of Stock Market Volatility Based on Multidimensional Data Fusion. The volatility of the stock market is related to the vital interests of stockholders and is essential for maintaining a stable financial environment. Through the analysis of data changes, excellent professional traders can extract information about the direction of stock changes, whether it is worth in",2022
90,https://openalex.org/W4407566353,research,7,-0.222306,Power Transformer Vibration Analysis Model Based on Ensemble Learning Algorithm,"Power Transformer Vibration Analysis Model Based on Ensemble Learning Algorithm. The inflow of DC magnetic flux into the core of power transformers under DC bias conditions leads to a significant increase in operational losses, noise levels, and vibration amplitudes, posing substantial threats to the stability and reliability of the power system. To comprehensively examine the effects of DC bias o",2025
91,https://openalex.org/W4383047015,research,14,-0.222263,Scalable method for Bayesian experimental design without integrating over posterior distribution,"Scalable method for Bayesian experimental design without integrating over posterior distribution. We address the computational efficiency in solving the A-optimal Bayesian design of experiments problems for which the observational map is based on partial differential equations and, consequently, is computationally expensive to evaluate. A-optimality is a widely used and easy-to-interpret criterion",2023
92,https://openalex.org/W4387944587,research,9,-0.222223,NON-STATIONARY TIME SERIES PREDICTION USING ONE-DIMENSIONAL CONVOLUTIONAL NEURAL NETWORK MODELS,"NON-STATIONARY TIME SERIES PREDICTION USING ONE-DIMENSIONAL CONVOLUTIONAL NEURAL NETWORK MODELS. The main goal of non-stationary time series prediction is the construction, identification, configuration and verification of their models. The efficiency of using machine learning technologies for the analysis of non-stationary time series is shown due to their ability to model complex nonlinear depen",2020
93,https://openalex.org/W4411802015,research,12,-0.222085,An Accelerated Editing Method for Stress Signal on Combine Harvester Chassis Using Wavelet Transform,"An Accelerated Editing Method for Stress Signal on Combine Harvester Chassis Using Wavelet Transform. This paper presents a load spectrum acceleration editing method based on wavelet transform. The principle of the method is to decompose the target signal using wavelet transform to obtain high-frequency wavelet components, which are classified and combined based on their frequency components for a",2025
94,https://openalex.org/W3184118237,research,7,-0.221962,Statistical Learning for Solid Propellant Performance,Statistical Learning for Solid Propellant Performance. View Video Presentation: This paper describes a methodology to rapidly model the performance of solid rocket motors and classify motors according to their geometries using statistical learning approaches. Star grain configurations are considered in this analysis. A variety of statistical learning approaches including neural networks have been,2021
95,https://openalex.org/W4377819394,research,17,-0.221897,Physics-guided identification of Euler-Bernoulli beam PDE model from full-field displacement response with SimultaNeous basis function Approximation and Parameter Estimation (SNAPE),"Physics-guided identification of Euler-Bernoulli beam PDE model from full-field displacement response with SimultaNeous basis function Approximation and Parameter Estimation (SNAPE). Full-field measurements of the continuous spatiotemporal response of the physical processes such as structural vibration or fluid flow generate large datasets. In many scientific fields, such continuous spatiotemporal",2023
96,https://openalex.org/W4313188851,research,7,-0.221892,Improvement of the Semi-Analytical Model of a Tesla Disc Turbine by the Correction of the Velocity Profile,"Improvement of the Semi-Analytical Model of a Tesla Disc Turbine by the Correction of the Velocity Profile. Abstract The paper presents the results of investigations concerning a new analytical model of the flow between the two co-rotating discs. In the elaborated model, an emphasis is put on the different approaches to modelling the radial velocity profile. It was confirmed that its shape deviate",2022
97,https://openalex.org/W4387976116,research,13,-0.221862,Numerical Simulation of Two-Dimensional Turbulent Dilatable Flows in a Fire,"Numerical Simulation of Two-Dimensional Turbulent Dilatable Flows in a Fire. Numerical simulations, based on the theories of computational fluid dynamics and combustion, are currently a powerful tool in the field of fire engineering. Field models allow us to analyze key aspects such as the integrity of buildings and safety. However, it is fundamental to define strategies that allow engineers to ob",2023
98,https://openalex.org/W4391694922,research,7,-0.221671,A neural-network-based model of radio-frequency hollow cathode discharge characterized using particle-in-cell/Monte Carlo collision simulation,A neural-network-based model of radio-frequency hollow cathode discharge characterized using particle-in-cell/Monte Carlo collision simulation. Abstract An understanding of the plasma dynamics of radio-frequency (RF) hollow cathode discharges (HCDs) at low to moderate pressures is important due to their wide range of applications. A HCD consists of a hollow cylindrical cavity in the RF-powered cat,2024
99,https://openalex.org/W4312006804,research,9,-0.22167,DIAGNOSIS METHODS FOR MECHANISMS AND MACHINES BASED ON EMPIRICAL MODE DECOMPOSITION OF A VIBROSIGNAL AND THE WILCOXON TEST,"DIAGNOSIS METHODS FOR MECHANISMS AND MACHINES BASED ON EMPIRICAL MODE DECOMPOSITION OF A VIBROSIGNAL AND THE WILCOXON TEST. Methods for diagnosing mechanisms and machines based on the analysis of vibration signals are considered. In particular, the comparison of various algorithms for analyzing vibration signals in the time and frequency domains was made, methods for selecting diagnostic features",2022
100,https://openalex.org/W4388537336,research,14,-0.221545,Physics-informed neural networks for solving the Helmholtz equation,"Physics-informed neural networks for solving the Helmholtz equation. Discretization-based methods like the finite element method have proven to be effective for solving the Helmholtz equation in computational acoustics. However, it is very challenging to incorporate measured data into the model or infer model input parameters based on observed response data. Machine learning approaches have shown",2023
